datetime,portfolio_value
2025-01-02 09:30:00-05:00,10000.0
2025-01-02 09:35:00-05:00,10000.0
2025-01-02 09:40:00-05:00,10000.0
2025-01-02 09:45:00-05:00,10000.0
2025-01-02 09:50:00-05:00,10000.0
2025-01-02 09:55:00-05:00,10000.0
2025-01-02 10:00:00-05:00,10000.0
2025-01-02 10:05:00-05:00,9994.128065470075
2025-01-02 10:10:00-05:00,9997.36628309197
2025-01-02 10:15:00-05:00,9976.408215587271
2025-01-02 10:20:00-05:00,9944.343165229118
2025-01-02 10:25:00-05:00,9947.192578686
2025-01-02 10:30:00-05:00,9940.459668549474
2025-01-02 10:35:00-05:00,9941.511701735782
2025-01-02 10:40:00-05:00,9938.010417770061
2025-01-02 10:45:00-05:00,9960.774588965876
2025-01-02 10:50:00-05:00,9971.643128827047
2025-01-02 10:55:00-05:00,9957.02509032279
2025-01-02 11:00:00-05:00,9920.594299565422
2025-01-02 11:05:00-05:00,9917.155153826448
2025-01-02 11:10:00-05:00,9925.01863968953
2025-01-02 11:15:00-05:00,9930.190544925274
2025-01-02 11:20:00-05:00,9933.877205712102
2025-01-02 11:25:00-05:00,9938.531909573925
2025-01-02 11:30:00-05:00,9939.212925682903
2025-01-02 11:35:00-05:00,9949.077835263644
2025-01-02 11:40:00-05:00,9948.854128878702
2025-01-02 11:45:00-05:00,9951.52712548089
2025-01-02 11:50:00-05:00,9942.064514365124
2025-01-02 11:55:00-05:00,9942.487874756274
2025-01-02 12:00:00-05:00,9947.271454827278
2025-01-02 12:05:00-05:00,9942.821567275361
2025-01-02 12:10:00-05:00,9955.11539522543
2025-01-02 12:15:00-05:00,9946.268724642905
2025-01-02 12:20:00-05:00,9929.89908998986
2025-01-02 12:25:00-05:00,9906.522882773459
2025-01-02 12:30:00-05:00,9893.403771668603
2025-01-02 12:35:00-05:00,9876.393623347825
2025-01-02 12:40:00-05:00,9875.47389381333
2025-01-02 12:45:00-05:00,9869.040733716096
2025-01-02 12:50:00-05:00,9877.28348798781
2025-01-02 12:55:00-05:00,9886.757918132416
2025-01-02 13:00:00-05:00,9871.041324218966
2025-01-02 13:05:00-05:00,9882.511595147773
2025-01-02 13:10:00-05:00,9870.0861965407
2025-01-02 13:15:00-05:00,9872.394804523505
2025-01-02 13:20:00-05:00,9869.426032987874
2025-01-02 13:25:00-05:00,9875.766625739281
2025-01-02 13:30:00-05:00,9857.835311170575
2025-01-02 13:35:00-05:00,9863.511450617209
2025-01-02 13:40:00-05:00,9874.783477842187
2025-01-02 13:45:00-05:00,9861.070347229817
2025-01-02 13:50:00-05:00,9853.217021909064
2025-01-02 13:55:00-05:00,9868.730106929042
2025-01-02 14:00:00-05:00,9877.144535957907
2025-01-02 14:05:00-05:00,9873.958699282077
2025-01-02 14:10:00-05:00,9869.023385240485
2025-01-02 14:15:00-05:00,9872.82969808521
2025-01-02 14:20:00-05:00,9882.151709534826
2025-01-02 14:25:00-05:00,9887.407425710797
2025-01-02 14:30:00-05:00,9877.392321236086
2025-01-02 14:35:00-05:00,9876.834290830378
2025-01-02 14:40:00-05:00,9878.061896837937
2025-01-02 14:45:00-05:00,9884.491693368705
2025-01-02 14:50:00-05:00,9888.745257202005
2025-01-02 14:55:00-05:00,9870.445792647419
2025-01-02 15:00:00-05:00,9893.858101352384
2025-01-02 15:05:00-05:00,9894.279181336702
2025-01-02 15:10:00-05:00,9901.500870481375
2025-01-02 15:15:00-05:00,9902.731780306325
2025-01-02 15:20:00-05:00,9904.066825615879
2025-01-02 15:25:00-05:00,9902.766876130461
2025-01-02 15:30:00-05:00,9901.388878111278
2025-01-02 15:35:00-05:00,9896.358855485141
2025-01-02 15:40:00-05:00,9901.10236527415
2025-01-02 15:45:00-05:00,9901.793229211156
2025-01-02 15:50:00-05:00,9892.553762928936
2025-01-02 15:55:00-05:00,9898.688001256885
2025-01-03 09:30:00-05:00,9940.884521839223
2025-01-03 09:35:00-05:00,9950.330238382257
2025-01-03 09:40:00-05:00,9938.955413035106
2025-01-03 09:45:00-05:00,9915.559145168403
2025-01-03 09:50:00-05:00,9913.216017859673
2025-01-03 09:55:00-05:00,9906.936485951
2025-01-03 10:00:00-05:00,9921.752521259925
2025-01-03 10:05:00-05:00,9929.285341919198
2025-01-03 10:10:00-05:00,9919.92601128053
2025-01-03 10:15:00-05:00,9911.240778859104
2025-01-03 10:20:00-05:00,9918.18533465676
2025-01-03 10:25:00-05:00,9926.744800812616
2025-01-03 10:30:00-05:00,9928.227317573384
2025-01-03 10:35:00-05:00,9932.736164424017
2025-01-03 10:40:00-05:00,9935.274252188516
2025-01-03 10:45:00-05:00,9936.21139708161
2025-01-03 10:50:00-05:00,9935.228425776204
2025-01-03 10:55:00-05:00,9942.754963214955
2025-01-03 11:00:00-05:00,9945.231575806223
2025-01-03 11:05:00-05:00,9931.535138292069
2025-01-03 11:10:00-05:00,9926.54626925215
2025-01-03 11:15:00-05:00,9927.228165569788
2025-01-03 11:20:00-05:00,9927.723920804205
2025-01-03 11:25:00-05:00,9936.451333515926
2025-01-03 11:30:00-05:00,9945.838269585987
2025-01-03 11:35:00-05:00,9944.949471194419
2025-01-03 11:40:00-05:00,9948.445763355412
2025-01-03 11:45:00-05:00,9946.299366048637
2025-01-03 11:50:00-05:00,9946.813521795591
2025-01-03 11:55:00-05:00,9940.625752781065
2025-01-03 12:00:00-05:00,9948.278937385747
2025-01-03 12:05:00-05:00,9950.267542418453
2025-01-03 12:10:00-05:00,9944.813582681492
2025-01-03 12:15:00-05:00,9942.199869231874
2025-01-03 12:20:00-05:00,9946.729158200007
2025-01-03 12:25:00-05:00,9941.348685824616
2025-01-03 12:30:00-05:00,9943.088831347042
2025-01-03 12:35:00-05:00,9943.401733980196
2025-01-03 12:40:00-05:00,9940.731493725181
2025-01-03 12:45:00-05:00,9940.59545468172
2025-01-03 12:50:00-05:00,9939.669336412995
2025-01-03 12:55:00-05:00,9942.098832828415
2025-01-03 13:00:00-05:00,9941.134593455019
2025-01-03 13:05:00-05:00,9939.562522455239
2025-01-03 13:10:00-05:00,9940.219196523809
2025-01-03 13:15:00-05:00,9943.445043634883
2025-01-03 13:20:00-05:00,9943.320024161247
2025-01-03 13:25:00-05:00,9954.628518819361
2025-01-03 13:30:00-05:00,9950.664064534252
2025-01-03 13:35:00-05:00,9955.708135968038
2025-01-03 13:40:00-05:00,9950.84730731128
2025-01-03 13:45:00-05:00,9955.463193960933
2025-01-03 13:50:00-05:00,9952.023138960149
2025-01-03 13:55:00-05:00,9951.691327791841
2025-01-03 14:00:00-05:00,9952.894185688108
2025-01-03 14:05:00-05:00,9954.090021675407
2025-01-03 14:10:00-05:00,9953.794616321531
2025-01-03 14:15:00-05:00,9957.335093867388
2025-01-03 14:20:00-05:00,9956.03869279029
2025-01-03 14:25:00-05:00,9956.676331144019
2025-01-03 14:30:00-05:00,9962.664659659778
2025-01-03 14:35:00-05:00,9963.521626539423
2025-01-03 14:40:00-05:00,9959.962473341559
2025-01-03 14:45:00-05:00,9958.833928144973
2025-01-03 14:50:00-05:00,9955.22341151388
2025-01-03 14:55:00-05:00,9953.74013944426
2025-01-03 15:00:00-05:00,9948.013586321273
2025-01-03 15:05:00-05:00,9950.233165269567
2025-01-03 15:10:00-05:00,9951.860392698047
2025-01-03 15:15:00-05:00,9950.314842839396
2025-01-03 15:20:00-05:00,9951.218545475835
2025-01-03 15:25:00-05:00,9955.93005846757
2025-01-03 15:30:00-05:00,9952.41245194141
2025-01-03 15:35:00-05:00,9949.447347775626
2025-01-03 15:40:00-05:00,9947.865988398418
2025-01-03 15:45:00-05:00,9944.52141422359
2025-01-03 15:50:00-05:00,9940.837620315422
2025-01-03 15:55:00-05:00,10948.274181473154
2025-01-06 09:30:00-05:00,10972.416867790473
2025-01-06 09:35:00-05:00,10954.995112476216
2025-01-06 09:40:00-05:00,10963.148176556266
2025-01-06 09:45:00-05:00,10978.814753994318
2025-01-06 09:50:00-05:00,10981.323494155735
2025-01-06 09:55:00-05:00,10984.398189627176
2025-01-06 10:00:00-05:00,10998.15797547326
2025-01-06 10:05:00-05:00,10999.727181193151
2025-01-06 10:10:00-05:00,10997.326745870754
2025-01-06 10:15:00-05:00,10983.091490060346
2025-01-06 10:20:00-05:00,10973.760613817089
2025-01-06 10:25:00-05:00,10981.777444125217
2025-01-06 10:30:00-05:00,10981.536258290185
2025-01-06 10:35:00-05:00,10973.118759782885
2025-01-06 10:40:00-05:00,10974.927298953777
2025-01-06 10:45:00-05:00,10973.356566043522
2025-01-06 10:50:00-05:00,10985.21329509564
2025-01-06 10:55:00-05:00,10984.034411294764
2025-01-06 11:00:00-05:00,10980.092608242141
2025-01-06 11:05:00-05:00,10973.528202412836
2025-01-06 11:10:00-05:00,10984.16404750399
2025-01-06 11:15:00-05:00,10991.521902804863
2025-01-06 11:20:00-05:00,10993.061148028402
2025-01-06 11:25:00-05:00,10994.705596882839
2025-01-06 11:30:00-05:00,10999.147678175677
2025-01-06 11:35:00-05:00,11006.23218766393
2025-01-06 11:40:00-05:00,11003.059481333956
2025-01-06 11:45:00-05:00,11006.372480693826
2025-01-06 11:50:00-05:00,11007.680089732652
2025-01-06 11:55:00-05:00,11011.696632185756
2025-01-06 12:00:00-05:00,11006.456606770873
2025-01-06 12:05:00-05:00,11001.842810730925
2025-01-06 12:10:00-05:00,10998.470369523011
2025-01-06 12:15:00-05:00,10999.842932852636
2025-01-06 12:20:00-05:00,10996.557365549734
2025-01-06 12:25:00-05:00,10989.25379510329
2025-01-06 12:30:00-05:00,10990.401945710759
2025-01-06 12:35:00-05:00,10988.12158968687
2025-01-06 12:40:00-05:00,10983.847109228645
2025-01-06 12:45:00-05:00,10979.936305840123
2025-01-06 12:50:00-05:00,10972.344488260922
2025-01-06 12:55:00-05:00,10971.624025149904
2025-01-06 13:00:00-05:00,10963.006935313488
2025-01-06 13:05:00-05:00,10955.64523357525
2025-01-06 13:10:00-05:00,10961.8611948544
2025-01-06 13:15:00-05:00,10960.082943235771
2025-01-06 13:20:00-05:00,10960.205387171618
2025-01-06 13:25:00-05:00,10958.51339547628
2025-01-06 13:30:00-05:00,10951.400859550247
2025-01-06 13:35:00-05:00,10951.890998215256
2025-01-06 13:40:00-05:00,10944.98863284003
2025-01-06 13:45:00-05:00,10933.598730582946
2025-01-06 13:50:00-05:00,10942.530047979
2025-01-06 13:55:00-05:00,10941.613883976212
2025-01-06 14:00:00-05:00,10923.072949366282
2025-01-06 14:05:00-05:00,10931.717154043943
2025-01-06 14:10:00-05:00,10939.290923295346
2025-01-06 14:15:00-05:00,10939.696104409199
2025-01-06 14:20:00-05:00,10937.635337892438
2025-01-06 14:25:00-05:00,10930.57347599419
2025-01-06 14:30:00-05:00,10932.859858902331
2025-01-06 14:35:00-05:00,10929.941051049254
2025-01-06 14:40:00-05:00,10928.890361061405
2025-01-06 14:45:00-05:00,10931.15572963259
2025-01-06 14:50:00-05:00,10924.522350965548
2025-01-06 14:55:00-05:00,10915.255457922727
2025-01-06 15:00:00-05:00,10916.85885965758
2025-01-06 15:05:00-05:00,10910.284065284228
2025-01-06 15:10:00-05:00,10906.307544220866
2025-01-06 15:15:00-05:00,10905.132718484152
2025-01-06 15:20:00-05:00,10913.147393303789
2025-01-06 15:25:00-05:00,10909.489330540944
2025-01-06 15:30:00-05:00,10909.491580244374
2025-01-06 15:35:00-05:00,10909.357314971205
2025-01-06 15:40:00-05:00,10903.435902090772
2025-01-06 15:45:00-05:00,10895.386627483203
2025-01-06 15:50:00-05:00,10902.161935746646
2025-01-06 15:55:00-05:00,10913.822785341828
2025-01-07 09:30:00-05:00,10963.634442729168
2025-01-07 09:35:00-05:00,10980.236969696933
2025-01-07 09:40:00-05:00,10971.59038922072
2025-01-07 09:45:00-05:00,10965.650432009515
2025-01-07 09:50:00-05:00,10979.58130570258
2025-01-07 09:55:00-05:00,10991.526882628867
2025-01-07 10:00:00-05:00,10953.036388022587
2025-01-07 10:05:00-05:00,10945.351387181945
2025-01-07 10:10:00-05:00,10941.469615018977
2025-01-07 10:15:00-05:00,10948.279263251656
2025-01-07 10:20:00-05:00,10960.81000500761
2025-01-07 10:25:00-05:00,10973.29892471433
2025-01-07 10:30:00-05:00,10965.321795099038
2025-01-07 10:35:00-05:00,10950.067477026078
2025-01-07 10:40:00-05:00,10951.603346129341
2025-01-07 10:45:00-05:00,10937.0770900507
2025-01-07 10:50:00-05:00,10943.124088270684
2025-01-07 10:55:00-05:00,10970.677380131165
2025-01-07 11:00:00-05:00,10975.399907079018
2025-01-07 11:05:00-05:00,10969.194563937315
2025-01-07 11:10:00-05:00,10957.386552066826
2025-01-07 11:15:00-05:00,10948.844099498157
2025-01-07 11:20:00-05:00,10940.343967617597
2025-01-07 11:25:00-05:00,10951.458391428296
2025-01-07 11:30:00-05:00,10940.935351561573
2025-01-07 11:35:00-05:00,10955.594348848472
2025-01-07 11:40:00-05:00,10952.758425007227
2025-01-07 11:45:00-05:00,10954.365025554805
2025-01-07 11:50:00-05:00,10933.338780250762
2025-01-07 11:55:00-05:00,10927.786316794809
2025-01-07 12:00:00-05:00,10936.101693609013
2025-01-07 12:05:00-05:00,10932.104752013543
2025-01-07 12:10:00-05:00,10939.654532620076
2025-01-07 12:15:00-05:00,10945.957284508111
2025-01-07 12:20:00-05:00,10936.900812863933
2025-01-07 12:25:00-05:00,10931.085232372621
2025-01-07 12:30:00-05:00,10940.125363505782
2025-01-07 12:35:00-05:00,10926.265855513828
2025-01-07 12:40:00-05:00,10922.20379536579
2025-01-07 12:45:00-05:00,10912.361301945759
2025-01-07 12:50:00-05:00,10912.562697917474
2025-01-07 12:55:00-05:00,10923.218201258545
2025-01-07 13:00:00-05:00,10927.32096000695
2025-01-07 13:05:00-05:00,10936.038080172866
2025-01-07 13:10:00-05:00,10931.936863153718
2025-01-07 13:15:00-05:00,10934.916277447932
2025-01-07 13:20:00-05:00,10936.683839697807
2025-01-07 13:25:00-05:00,10939.982714341835
2025-01-07 13:30:00-05:00,10937.674174821737
2025-01-07 13:35:00-05:00,10931.323393739623
2025-01-07 13:40:00-05:00,10924.957329979323
2025-01-07 13:45:00-05:00,10932.008551608204
2025-01-07 13:50:00-05:00,10929.81534072847
2025-01-07 13:55:00-05:00,10929.279738845153
2025-01-07 14:00:00-05:00,10928.309396614979
2025-01-07 14:05:00-05:00,10929.93927670875
2025-01-07 14:10:00-05:00,10930.4486697856
2025-01-07 14:15:00-05:00,10929.264961069264
2025-01-07 14:20:00-05:00,10929.369330269225
2025-01-07 14:25:00-05:00,10932.342502961019
2025-01-07 14:30:00-05:00,10924.296398715403
2025-01-07 14:35:00-05:00,10917.261960053938
2025-01-07 14:40:00-05:00,10927.539592377656
2025-01-07 14:45:00-05:00,10918.74048397279
2025-01-07 14:50:00-05:00,10918.596240864279
2025-01-07 14:55:00-05:00,10914.938008427951
2025-01-07 15:00:00-05:00,10903.46538096824
2025-01-07 15:05:00-05:00,10901.564484543684
2025-01-07 15:10:00-05:00,10899.951193500174
2025-01-07 15:15:00-05:00,10892.515155773928
2025-01-07 15:20:00-05:00,10879.711502856457
2025-01-07 15:25:00-05:00,10880.272016120645
2025-01-07 15:30:00-05:00,10874.471077071063
2025-01-07 15:35:00-05:00,10880.45718377327
2025-01-07 15:40:00-05:00,10878.351811135404
2025-01-07 15:45:00-05:00,10883.250698550912
2025-01-07 15:50:00-05:00,10897.771854790273
2025-01-07 15:55:00-05:00,10899.945489069467
2025-01-08 09:30:00-05:00,10858.93698599456
2025-01-08 09:35:00-05:00,10859.768356967954
2025-01-08 09:40:00-05:00,10844.64337255295
2025-01-08 09:45:00-05:00,10852.522781360072
2025-01-08 09:50:00-05:00,10842.69449316214
2025-01-08 09:55:00-05:00,10831.841528379935
2025-01-08 10:00:00-05:00,10851.89662670638
2025-01-08 10:05:00-05:00,10864.879608971876
2025-01-08 10:10:00-05:00,10856.612682196255
2025-01-08 10:15:00-05:00,10850.430608847173
2025-01-08 10:20:00-05:00,10850.619181510776
2025-01-08 10:25:00-05:00,10837.906351700478
2025-01-08 10:30:00-05:00,10846.813548943539
2025-01-08 10:35:00-05:00,10856.350803495623
2025-01-08 10:40:00-05:00,10854.907247125773
2025-01-08 10:45:00-05:00,10859.602744531172
2025-01-08 10:50:00-05:00,10871.237307842854
2025-01-08 10:55:00-05:00,10877.930987408548
2025-01-08 11:00:00-05:00,10878.93478513238
2025-01-08 11:05:00-05:00,10881.398360410109
2025-01-08 11:10:00-05:00,10881.080278356945
2025-01-08 11:15:00-05:00,10879.810958322796
2025-01-08 11:20:00-05:00,10884.237996855438
2025-01-08 11:25:00-05:00,10881.33011610443
2025-01-08 11:30:00-05:00,10885.024970664976
2025-01-08 11:35:00-05:00,10899.195519727416
2025-01-08 11:40:00-05:00,10899.245400021042
2025-01-08 11:45:00-05:00,10895.9982883755
2025-01-08 11:50:00-05:00,10887.290898310133
2025-01-08 11:55:00-05:00,10890.18476502017
2025-01-08 12:00:00-05:00,10879.862476832619
2025-01-08 12:05:00-05:00,10871.530422528334
2025-01-08 12:10:00-05:00,10861.98816407257
2025-01-08 12:15:00-05:00,10867.618027067838
2025-01-08 12:20:00-05:00,10862.077771757271
2025-01-08 12:25:00-05:00,10850.337958979073
2025-01-08 12:30:00-05:00,10852.375437356071
2025-01-08 12:35:00-05:00,10849.137666765553
2025-01-08 12:40:00-05:00,10858.955059560982
2025-01-08 12:45:00-05:00,10852.506947307398
2025-01-08 12:50:00-05:00,10858.727383978869
2025-01-08 12:55:00-05:00,10863.697501364386
2025-01-08 13:00:00-05:00,10875.205006985292
2025-01-08 13:05:00-05:00,10876.81008432227
2025-01-08 13:10:00-05:00,10874.985427560725
2025-01-08 13:15:00-05:00,10879.376969661893
2025-01-08 13:20:00-05:00,10880.233389929057
2025-01-08 13:25:00-05:00,10888.16867654194
2025-01-08 13:30:00-05:00,10884.124621786288
2025-01-08 13:35:00-05:00,10891.735237890518
2025-01-08 13:40:00-05:00,10893.189620297358
2025-01-08 13:45:00-05:00,10881.717074323777
2025-01-08 13:50:00-05:00,10861.91572906211
2025-01-08 13:55:00-05:00,10868.19431167145
2025-01-08 14:00:00-05:00,10869.322652554874
2025-01-08 14:05:00-05:00,10891.774764140562
2025-01-08 14:10:00-05:00,10878.11557370318
2025-01-08 14:15:00-05:00,10897.14598933922
2025-01-08 14:20:00-05:00,10908.56784076231
2025-01-08 14:25:00-05:00,10912.242019635421
2025-01-08 14:30:00-05:00,10895.569842332883
2025-01-08 14:35:00-05:00,10889.21559348465
2025-01-08 14:40:00-05:00,10885.816812554478
2025-01-08 14:45:00-05:00,10889.75149471394
2025-01-08 14:50:00-05:00,10884.410594624822
2025-01-08 14:55:00-05:00,10885.59654354918
2025-01-08 15:00:00-05:00,10891.745754260357
2025-01-08 15:05:00-05:00,10886.04454527319
2025-01-08 15:10:00-05:00,10882.99477864514
2025-01-08 15:15:00-05:00,10893.191542387176
2025-01-08 15:20:00-05:00,10896.40842951682
2025-01-08 15:25:00-05:00,10899.996092084451
2025-01-08 15:30:00-05:00,10892.477354641622
2025-01-08 15:35:00-05:00,10891.153190365638
2025-01-08 15:40:00-05:00,10896.434744501421
2025-01-08 15:45:00-05:00,10898.187389178702
2025-01-08 15:50:00-05:00,10908.41346710767
2025-01-08 15:55:00-05:00,10907.434203308589
2025-01-10 09:30:00-05:00,10853.693532837351
2025-01-10 09:35:00-05:00,10835.035222613044
2025-01-10 09:40:00-05:00,10843.341075360071
2025-01-10 09:45:00-05:00,10825.728554818508
2025-01-10 09:50:00-05:00,10824.44372834051
2025-01-10 09:55:00-05:00,10829.279958272984
2025-01-10 10:00:00-05:00,10784.744892168635
2025-01-10 10:05:00-05:00,10786.780827783698
2025-01-10 10:10:00-05:00,10772.51063368882
2025-01-10 10:15:00-05:00,10779.744647989353
2025-01-10 10:20:00-05:00,10788.710041926102
2025-01-10 10:25:00-05:00,10784.378414157454
2025-01-10 10:30:00-05:00,10791.204133001227
2025-01-10 10:35:00-05:00,10782.457277751151
2025-01-10 10:40:00-05:00,10774.517869006573
2025-01-10 10:45:00-05:00,10780.05767212445
2025-01-10 10:50:00-05:00,10772.297844992723
2025-01-10 10:55:00-05:00,10779.578116471563
2025-01-10 11:00:00-05:00,10763.817212744834
2025-01-10 11:05:00-05:00,10766.188040531244
2025-01-10 11:10:00-05:00,10769.521116651864
2025-01-10 11:15:00-05:00,10762.32591257566
2025-01-10 11:20:00-05:00,10767.587482972232
2025-01-10 11:25:00-05:00,10759.463857176488
2025-01-10 11:30:00-05:00,10753.108958280223
2025-01-10 11:35:00-05:00,10753.553115928004
2025-01-10 11:40:00-05:00,10766.84740097701
2025-01-10 11:45:00-05:00,10762.447275183966
2025-01-10 11:50:00-05:00,10766.637034092937
2025-01-10 11:55:00-05:00,10754.510766719133
2025-01-10 12:00:00-05:00,10749.29623369463
2025-01-10 12:05:00-05:00,10751.41829367169
2025-01-10 12:10:00-05:00,10753.946904573017
2025-01-10 12:15:00-05:00,10761.866016770224
2025-01-10 12:20:00-05:00,10757.526696964556
2025-01-10 12:25:00-05:00,10761.784933472327
2025-01-10 12:30:00-05:00,10766.62025567878
2025-01-10 12:35:00-05:00,10766.816037564204
2025-01-10 12:40:00-05:00,10770.992378042629
2025-01-10 12:45:00-05:00,10777.169615737082
2025-01-10 12:50:00-05:00,10774.711928734952
2025-01-10 12:55:00-05:00,10777.84019521834
2025-01-10 13:00:00-05:00,10773.573978056353
2025-01-10 13:05:00-05:00,10783.660745795703
2025-01-10 13:10:00-05:00,10785.818552014782
2025-01-10 13:15:00-05:00,10793.507467836296
2025-01-10 13:20:00-05:00,10808.72206832885
2025-01-10 13:25:00-05:00,10806.67436189691
2025-01-10 13:30:00-05:00,10806.910558348003
2025-01-10 13:35:00-05:00,10810.334712789409
2025-01-10 13:40:00-05:00,10804.266879558581
2025-01-10 13:45:00-05:00,10809.137012579602
2025-01-10 13:50:00-05:00,10806.388434458939
2025-01-10 13:55:00-05:00,10816.213943121693
2025-01-10 14:00:00-05:00,10800.961286231193
2025-01-10 14:05:00-05:00,10779.727066890451
2025-01-10 14:10:00-05:00,10780.519976413532
2025-01-10 14:15:00-05:00,10784.998677537138
2025-01-10 14:20:00-05:00,10782.295123146954
2025-01-10 14:25:00-05:00,10791.61732459006
2025-01-10 14:30:00-05:00,10778.408712106064
2025-01-10 14:35:00-05:00,10781.85294323976
2025-01-10 14:40:00-05:00,10781.46621516678
2025-01-10 14:45:00-05:00,10774.093132668153
2025-01-10 14:50:00-05:00,10781.779984579782
2025-01-10 14:55:00-05:00,10781.837844348158
2025-01-10 15:00:00-05:00,10779.42201271784
2025-01-10 15:05:00-05:00,10779.333884354946
2025-01-10 15:10:00-05:00,10763.258024635932
2025-01-10 15:15:00-05:00,10755.285569715315
2025-01-10 15:20:00-05:00,10757.53385329755
2025-01-10 15:25:00-05:00,10756.498132265782
2025-01-10 15:30:00-05:00,10751.181554686222
2025-01-10 15:35:00-05:00,10756.213583453218
2025-01-10 15:40:00-05:00,10756.881233300172
2025-01-10 15:45:00-05:00,10752.113958160788
2025-01-10 15:50:00-05:00,10759.430096623448
2025-01-10 15:55:00-05:00,11759.75453733476
2025-01-13 09:30:00-05:00,11758.846955492934
2025-01-13 09:35:00-05:00,11755.952311918245
2025-01-13 09:40:00-05:00,11769.782213330624
2025-01-13 09:45:00-05:00,11773.823282579002
2025-01-13 09:50:00-05:00,11772.645146293535
2025-01-13 09:55:00-05:00,11794.681924230623
2025-01-13 10:00:00-05:00,11779.964688213064
2025-01-13 10:05:00-05:00,11776.814410998355
2025-01-13 10:10:00-05:00,11770.020359754657
2025-01-13 10:15:00-05:00,11786.61252944144
2025-01-13 10:20:00-05:00,11784.45354314043
2025-01-13 10:25:00-05:00,11772.215459392566
2025-01-13 10:30:00-05:00,11775.988250330838
2025-01-13 10:35:00-05:00,11800.941693249024
2025-01-13 10:40:00-05:00,11800.887042817423
2025-01-13 10:45:00-05:00,11799.135361216117
2025-01-13 10:50:00-05:00,11790.290278224027
2025-01-13 10:55:00-05:00,11797.604782203274
2025-01-13 11:00:00-05:00,11787.036415601568
2025-01-13 11:05:00-05:00,11787.367338152086
2025-01-13 11:10:00-05:00,11785.361361388961
2025-01-13 11:15:00-05:00,11788.163862279982
2025-01-13 11:20:00-05:00,11793.486612296134
2025-01-13 11:25:00-05:00,11785.015877586202
2025-01-13 11:30:00-05:00,11787.572540225914
2025-01-13 11:35:00-05:00,11772.788988866707
2025-01-13 11:40:00-05:00,11790.427653714656
2025-01-13 11:45:00-05:00,11780.776682017786
2025-01-13 11:50:00-05:00,11768.123960440826
2025-01-13 11:55:00-05:00,11754.419099487372
2025-01-13 12:00:00-05:00,11762.400475607565
2025-01-13 12:05:00-05:00,11779.265607657637
2025-01-13 12:10:00-05:00,11779.652346965631
2025-01-13 12:15:00-05:00,11789.839497729467
2025-01-13 12:20:00-05:00,11786.570970841358
2025-01-13 12:25:00-05:00,11785.887912683664
2025-01-13 12:30:00-05:00,11785.249656311837
2025-01-13 12:35:00-05:00,11779.42913883995
2025-01-13 12:40:00-05:00,11784.403702150088
2025-01-13 12:45:00-05:00,11789.355107323221
2025-01-13 12:50:00-05:00,11792.338864964873
2025-01-13 12:55:00-05:00,11810.438310133688
2025-01-13 13:00:00-05:00,11804.000201593493
2025-01-13 13:05:00-05:00,11807.402918230891
2025-01-13 13:10:00-05:00,11806.017295315502
2025-01-13 13:15:00-05:00,11805.33509196305
2025-01-13 13:20:00-05:00,11801.665588714814
2025-01-13 13:25:00-05:00,11812.691422666994
2025-01-13 13:30:00-05:00,11818.820451125028
2025-01-13 13:35:00-05:00,11818.46387187522
2025-01-13 13:40:00-05:00,11814.930651763481
2025-01-13 13:45:00-05:00,11832.731082611896
2025-01-13 13:50:00-05:00,11816.260391851183
2025-01-13 13:55:00-05:00,11823.855832840081
2025-01-13 14:00:00-05:00,11805.395953425668
2025-01-13 14:05:00-05:00,11817.12578132373
2025-01-13 14:10:00-05:00,11815.42369663088
2025-01-13 14:15:00-05:00,11812.381984602753
2025-01-13 14:20:00-05:00,11815.916175006765
2025-01-13 14:25:00-05:00,11828.301473128717
2025-01-13 14:30:00-05:00,11823.806132276683
2025-01-13 14:35:00-05:00,11829.858568104066
2025-01-13 14:40:00-05:00,11833.253770423273
2025-01-13 14:45:00-05:00,11817.655543405797
2025-01-13 14:50:00-05:00,11823.74717369385
2025-01-13 14:55:00-05:00,11826.621162229196
2025-01-13 15:00:00-05:00,11825.15539497304
2025-01-13 15:05:00-05:00,11831.643321875104
2025-01-13 15:10:00-05:00,11831.918503389716
2025-01-13 15:15:00-05:00,11841.548303605037
2025-01-13 15:20:00-05:00,11830.392309112969
2025-01-13 15:25:00-05:00,11831.324231543438
2025-01-13 15:30:00-05:00,11831.215042223139
2025-01-13 15:35:00-05:00,11832.723241404723
2025-01-13 15:40:00-05:00,11823.514903815956
2025-01-13 15:45:00-05:00,11823.253719338443
2025-01-13 15:50:00-05:00,11840.131922244294
2025-01-13 15:55:00-05:00,11843.91835089668
2025-01-14 09:30:00-05:00,11870.32270354677
2025-01-14 09:35:00-05:00,11868.443970420778
2025-01-14 09:40:00-05:00,11874.49910559172
2025-01-14 09:45:00-05:00,11864.030839738252
2025-01-14 09:50:00-05:00,11846.62415977649
2025-01-14 09:55:00-05:00,11842.154287105603
2025-01-14 10:00:00-05:00,11850.403709564229
2025-01-14 10:05:00-05:00,11857.880194073672
2025-01-14 10:10:00-05:00,11863.017144749827
2025-01-14 10:15:00-05:00,11864.446257107264
2025-01-14 10:20:00-05:00,11864.135777818236
2025-01-14 10:25:00-05:00,11863.378090426919
2025-01-14 10:30:00-05:00,11860.429413753314
2025-01-14 10:35:00-05:00,11861.53069169497
2025-01-14 10:40:00-05:00,11876.419717575745
2025-01-14 10:45:00-05:00,11869.689791698967
2025-01-14 10:50:00-05:00,11869.130702153258
2025-01-14 10:55:00-05:00,11861.69001339992
2025-01-14 11:00:00-05:00,11836.672866333378
2025-01-14 11:05:00-05:00,11843.659085232914
2025-01-14 11:10:00-05:00,11836.79347350377
2025-01-14 11:15:00-05:00,11835.329321424482
2025-01-14 11:20:00-05:00,11835.7871050233
2025-01-14 11:25:00-05:00,11832.382929473562
2025-01-14 11:30:00-05:00,11830.205982619122
2025-01-14 11:35:00-05:00,11821.619927095913
2025-01-14 11:40:00-05:00,11807.232301263464
2025-01-14 11:45:00-05:00,11806.305066367253
2025-01-14 11:50:00-05:00,11805.877162179597
2025-01-14 11:55:00-05:00,11793.421980005045
2025-01-14 12:00:00-05:00,11798.901941233984
2025-01-14 12:05:00-05:00,11802.039551196762
2025-01-14 12:10:00-05:00,11807.078034844508
2025-01-14 12:15:00-05:00,11806.661033595283
2025-01-14 12:20:00-05:00,11804.720161729849
2025-01-14 12:25:00-05:00,11807.844236041872
2025-01-14 12:30:00-05:00,11794.065896365842
2025-01-14 12:35:00-05:00,11804.750600596202
2025-01-14 12:40:00-05:00,11815.146044094206
2025-01-14 12:45:00-05:00,11815.597659043437
2025-01-14 12:50:00-05:00,11822.597989815124
2025-01-14 12:55:00-05:00,11821.645615197687
2025-01-14 13:00:00-05:00,11830.159764566972
2025-01-14 13:05:00-05:00,11831.852395202432
2025-01-14 13:10:00-05:00,11832.443436400965
2025-01-14 13:15:00-05:00,11839.513443618165
2025-01-14 13:20:00-05:00,11845.501106401909
2025-01-14 13:25:00-05:00,11848.277574286207
2025-01-14 13:30:00-05:00,11854.088581962247
2025-01-14 13:35:00-05:00,11862.190210995246
2025-01-14 13:40:00-05:00,11869.347671492747
2025-01-14 13:45:00-05:00,11875.736511481224
2025-01-14 13:50:00-05:00,11877.583117874014
2025-01-14 13:55:00-05:00,11881.576630911524
2025-01-14 14:00:00-05:00,11873.055594469259
2025-01-14 14:05:00-05:00,11873.268615775713
2025-01-14 14:10:00-05:00,11875.196969501403
2025-01-14 14:15:00-05:00,11882.16802295758
2025-01-14 14:20:00-05:00,11882.132584803327
2025-01-14 14:25:00-05:00,11873.568415434507
2025-01-14 14:30:00-05:00,11885.35478252609
2025-01-14 14:35:00-05:00,11884.196512168204
2025-01-14 14:40:00-05:00,11881.876893289413
2025-01-14 14:45:00-05:00,11878.928157475357
2025-01-14 14:50:00-05:00,11865.595690574004
2025-01-14 14:55:00-05:00,11847.90539235978
2025-01-14 15:00:00-05:00,11829.9743927875
2025-01-14 15:05:00-05:00,11836.463474963506
2025-01-14 15:10:00-05:00,11839.284716648759
2025-01-14 15:15:00-05:00,11844.286672830285
2025-01-14 15:20:00-05:00,11854.261962590619
2025-01-14 15:25:00-05:00,11855.19895830702
2025-01-14 15:30:00-05:00,11849.2924286221
2025-01-14 15:35:00-05:00,11846.488431749694
2025-01-14 15:40:00-05:00,11853.284068724854
2025-01-14 15:45:00-05:00,11860.342794233946
2025-01-14 15:50:00-05:00,11877.304971002888
2025-01-14 15:55:00-05:00,11884.409240541654
2025-01-15 09:30:00-05:00,12042.783950941995
2025-01-15 09:35:00-05:00,12027.192102045985
2025-01-15 09:40:00-05:00,12036.070711823235
2025-01-15 09:45:00-05:00,12045.42801368978
2025-01-15 09:50:00-05:00,12031.109908195296
2025-01-15 09:55:00-05:00,12044.388879436403
2025-01-15 10:00:00-05:00,12034.24807269349
2025-01-15 10:05:00-05:00,12037.127984118233
2025-01-15 10:10:00-05:00,12043.035539210201
2025-01-15 10:15:00-05:00,12040.303869152809
2025-01-15 10:20:00-05:00,12034.271131962281
2025-01-15 10:25:00-05:00,12027.307451025506
2025-01-15 10:30:00-05:00,12025.979800796558
2025-01-15 10:35:00-05:00,12012.536423893458
2025-01-15 10:40:00-05:00,12014.191173468884
2025-01-15 10:45:00-05:00,12003.188219014659
2025-01-15 10:50:00-05:00,12005.99433242871
2025-01-15 10:55:00-05:00,12008.617092430277
2025-01-15 11:00:00-05:00,12012.042960166169
2025-01-15 11:05:00-05:00,12017.747838222835
2025-01-15 11:10:00-05:00,12016.761351754874
2025-01-15 11:15:00-05:00,12004.076263763494
2025-01-15 11:20:00-05:00,12008.642422372252
2025-01-15 11:25:00-05:00,12006.271474103713
2025-01-15 11:30:00-05:00,11988.395119683168
2025-01-15 11:35:00-05:00,11992.565354821403
2025-01-15 11:40:00-05:00,11990.015073503555
2025-01-15 11:45:00-05:00,11989.908265232205
2025-01-15 11:50:00-05:00,11987.322565249684
2025-01-15 11:55:00-05:00,11991.874777264515
2025-01-15 12:00:00-05:00,11997.853750385479
2025-01-15 12:05:00-05:00,12002.079605755072
2025-01-15 12:10:00-05:00,12004.964336815474
2025-01-15 12:15:00-05:00,12000.793741742245
2025-01-15 12:20:00-05:00,11996.558512834117
2025-01-15 12:25:00-05:00,12004.859725946544
2025-01-15 12:30:00-05:00,12011.303120213404
2025-01-15 12:35:00-05:00,12014.484762632675
2025-01-15 12:40:00-05:00,12018.643873422405
2025-01-15 12:45:00-05:00,12017.336151794205
2025-01-15 12:50:00-05:00,12014.565825911819
2025-01-15 12:55:00-05:00,12004.068991956708
2025-01-15 13:00:00-05:00,12012.545323654116
2025-01-15 13:05:00-05:00,12006.143620558478
2025-01-15 13:10:00-05:00,12010.191768610433
2025-01-15 13:15:00-05:00,12017.46853059145
2025-01-15 13:20:00-05:00,12017.1803576203
2025-01-15 13:25:00-05:00,12020.503565667768
2025-01-15 13:30:00-05:00,12023.555019690093
2025-01-15 13:35:00-05:00,12022.813595563817
2025-01-15 13:40:00-05:00,12026.209906464654
2025-01-15 13:45:00-05:00,12026.14694499608
2025-01-15 13:50:00-05:00,12031.138910501164
2025-01-15 13:55:00-05:00,12028.401200759059
2025-01-15 14:00:00-05:00,12027.915171020763
2025-01-15 14:05:00-05:00,12027.289871266486
2025-01-15 14:10:00-05:00,12025.69798955621
2025-01-15 14:15:00-05:00,12024.274518805942
2025-01-15 14:20:00-05:00,12023.398367654436
2025-01-15 14:25:00-05:00,12029.192421338817
2025-01-15 14:30:00-05:00,12032.14740070005
2025-01-15 14:35:00-05:00,12039.638545418622
2025-01-15 14:40:00-05:00,12032.661814295718
2025-01-15 14:45:00-05:00,12037.036873874566
2025-01-15 14:50:00-05:00,12041.898984980564
2025-01-15 14:55:00-05:00,12036.835021862295
2025-01-15 15:00:00-05:00,12038.340097719582
2025-01-15 15:05:00-05:00,12042.055263524526
2025-01-15 15:10:00-05:00,12041.538871726756
2025-01-15 15:15:00-05:00,12033.517828808277
2025-01-15 15:20:00-05:00,12037.058183817959
2025-01-15 15:25:00-05:00,12034.460352830816
2025-01-15 15:30:00-05:00,12035.745849100409
2025-01-15 15:35:00-05:00,12030.933398139943
2025-01-15 15:40:00-05:00,12028.025651812753
2025-01-15 15:45:00-05:00,12030.996124755962
2025-01-15 15:50:00-05:00,12019.347435023998
2025-01-15 15:55:00-05:00,12016.339089678395
2025-01-16 09:30:00-05:00,12028.982474857517
2025-01-16 09:35:00-05:00,12019.731982836935
2025-01-16 09:40:00-05:00,12007.139783096083
2025-01-16 09:45:00-05:00,11999.155247431416
2025-01-16 09:50:00-05:00,11997.649756985791
2025-01-16 09:55:00-05:00,11993.750290514252
2025-01-16 10:00:00-05:00,11985.63790775397
2025-01-16 10:05:00-05:00,12001.851025766327
2025-01-16 10:10:00-05:00,11998.037955043716
2025-01-16 10:15:00-05:00,11997.244726910556
2025-01-16 10:20:00-05:00,12000.677062376782
2025-01-16 10:25:00-05:00,11998.691228963935
2025-01-16 10:30:00-05:00,12003.47518477558
2025-01-16 10:35:00-05:00,12012.289014877935
2025-01-16 10:40:00-05:00,12009.0431999843
2025-01-16 10:45:00-05:00,12008.460749661666
2025-01-16 10:50:00-05:00,12009.859630742638
2025-01-16 10:55:00-05:00,12021.118712788943
2025-01-16 11:00:00-05:00,12028.54797360668
2025-01-16 11:05:00-05:00,12030.74516316267
2025-01-16 11:10:00-05:00,12019.279065845656
2025-01-16 11:15:00-05:00,12013.780360693845
2025-01-16 11:20:00-05:00,12020.439952146087
2025-01-16 11:25:00-05:00,12030.61549583809
2025-01-16 11:30:00-05:00,12027.958516379218
2025-01-16 11:35:00-05:00,12028.075596757439
2025-01-16 11:40:00-05:00,12026.764236210076
2025-01-16 11:45:00-05:00,12037.591002257506
2025-01-16 11:50:00-05:00,12039.34029942923
2025-01-16 11:55:00-05:00,12046.150018676934
2025-01-16 12:00:00-05:00,12047.904545280082
2025-01-16 12:05:00-05:00,12049.492162011675
2025-01-16 12:10:00-05:00,12050.50380543967
2025-01-16 12:15:00-05:00,12046.115629094831
2025-01-16 12:20:00-05:00,12048.598869667581
2025-01-16 12:25:00-05:00,12051.338630998323
2025-01-16 12:30:00-05:00,12047.741391157038
2025-01-16 12:35:00-05:00,12042.610566959938
2025-01-16 12:40:00-05:00,12042.878085923474
2025-01-16 12:45:00-05:00,12040.313207802836
2025-01-16 12:50:00-05:00,12035.182370231685
2025-01-16 12:55:00-05:00,12036.639581520392
2025-01-16 13:00:00-05:00,12039.213158692628
2025-01-16 13:05:00-05:00,12038.992031821994
2025-01-16 13:10:00-05:00,12041.283137521612
2025-01-16 13:15:00-05:00,12038.48042955944
2025-01-16 13:20:00-05:00,12040.637470497268
2025-01-16 13:25:00-05:00,12032.173415191332
2025-01-16 13:30:00-05:00,12026.057228779073
2025-01-16 13:35:00-05:00,12024.95293577556
2025-01-16 13:40:00-05:00,12025.537107138858
2025-01-16 13:45:00-05:00,12020.62796513484
2025-01-16 13:50:00-05:00,12024.34667560726
2025-01-16 13:55:00-05:00,12014.785705456301
2025-01-16 14:00:00-05:00,12016.087716467837
2025-01-16 14:05:00-05:00,12018.144906705205
2025-01-16 14:10:00-05:00,12019.538893238165
2025-01-16 14:15:00-05:00,12022.486229561671
2025-01-16 14:20:00-05:00,12015.798195012605
2025-01-16 14:25:00-05:00,12028.200293018688
2025-01-16 14:30:00-05:00,12027.822500081818
2025-01-16 14:35:00-05:00,12032.677343723717
2025-01-16 14:40:00-05:00,12028.150191530038
2025-01-16 14:45:00-05:00,12026.131374600125
2025-01-16 14:50:00-05:00,12029.028134475648
2025-01-16 14:55:00-05:00,12030.104938653236
2025-01-16 15:00:00-05:00,12030.34102154042
2025-01-16 15:05:00-05:00,12033.208172891247
2025-01-16 15:10:00-05:00,12027.613745372133
2025-01-16 15:15:00-05:00,12025.312501726326
2025-01-16 15:20:00-05:00,12024.045289575743
2025-01-16 15:25:00-05:00,12024.685722670047
2025-01-16 15:30:00-05:00,12037.46445471229
2025-01-16 15:35:00-05:00,12038.909788156625
2025-01-16 15:40:00-05:00,12045.902831888108
2025-01-16 15:45:00-05:00,12044.481885622507
2025-01-16 15:50:00-05:00,12042.956619263217
2025-01-16 15:55:00-05:00,12032.865698901007
2025-01-17 09:30:00-05:00,12100.306528413712
2025-01-17 09:35:00-05:00,12106.30953058506
2025-01-17 09:40:00-05:00,12106.034263982057
2025-01-17 09:45:00-05:00,12119.212224336352
2025-01-17 09:50:00-05:00,12113.947535109273
2025-01-17 09:55:00-05:00,12111.901902534657
2025-01-17 10:00:00-05:00,12116.376137027775
2025-01-17 10:05:00-05:00,12109.924372216166
2025-01-17 10:10:00-05:00,12109.986968234474
2025-01-17 10:15:00-05:00,12113.472835263787
2025-01-17 10:20:00-05:00,12109.487516711824
2025-01-17 10:25:00-05:00,12121.576508924873
2025-01-17 10:30:00-05:00,12117.815077602903
2025-01-17 10:35:00-05:00,12117.706153498091
2025-01-17 10:40:00-05:00,12120.59028087683
2025-01-17 10:45:00-05:00,12120.99381219333
2025-01-17 10:50:00-05:00,12122.829426507176
2025-01-17 10:55:00-05:00,12125.743427728765
2025-01-17 11:00:00-05:00,12125.0108822135
2025-01-17 11:05:00-05:00,12129.569066502509
2025-01-17 11:10:00-05:00,12125.94576782136
2025-01-17 11:15:00-05:00,12129.016660451704
2025-01-17 11:20:00-05:00,12133.239681508754
2025-01-17 11:25:00-05:00,12129.412552214606
2025-01-17 11:30:00-05:00,12127.31936620357
2025-01-17 11:35:00-05:00,12133.390116661758
2025-01-17 11:40:00-05:00,12137.062633179965
2025-01-17 11:45:00-05:00,12138.02524849219
2025-01-17 11:50:00-05:00,12132.631569911833
2025-01-17 11:55:00-05:00,12131.74059944731
2025-01-17 12:00:00-05:00,12129.12696229642
2025-01-17 12:05:00-05:00,12130.869727763682
2025-01-17 12:10:00-05:00,12134.688114833645
2025-01-17 12:15:00-05:00,12137.327058045534
2025-01-17 12:20:00-05:00,12138.050983549176
2025-01-17 12:25:00-05:00,12139.15259983083
2025-01-17 12:30:00-05:00,12142.280900759197
2025-01-17 12:35:00-05:00,12145.24660705499
2025-01-17 12:40:00-05:00,12139.208248381528
2025-01-17 12:45:00-05:00,12138.519185146431
2025-01-17 12:50:00-05:00,12136.500058169648
2025-01-17 12:55:00-05:00,12134.00900985171
2025-01-17 13:00:00-05:00,12131.937859445346
2025-01-17 13:05:00-05:00,12134.524998156186
2025-01-17 13:10:00-05:00,12133.688308731236
2025-01-17 13:15:00-05:00,12128.526291078166
2025-01-17 13:20:00-05:00,12130.167498330084
2025-01-17 13:25:00-05:00,12128.158249258124
2025-01-17 13:30:00-05:00,12121.191268021379
2025-01-17 13:35:00-05:00,12125.920629895963
2025-01-17 13:40:00-05:00,12121.505097800908
2025-01-17 13:45:00-05:00,12123.792227570177
2025-01-17 13:50:00-05:00,12125.183950042354
2025-01-17 13:55:00-05:00,12122.981955971341
2025-01-17 14:00:00-05:00,12124.863154443843
2025-01-17 14:05:00-05:00,12122.81669618639
2025-01-17 14:10:00-05:00,12121.272266050823
2025-01-17 14:15:00-05:00,12113.259428012461
2025-01-17 14:20:00-05:00,12123.264127097696
2025-01-17 14:25:00-05:00,12120.713198775416
2025-01-17 14:30:00-05:00,12119.993584888933
2025-01-17 14:35:00-05:00,12117.670498578305
2025-01-17 14:40:00-05:00,12117.164595144022
2025-01-17 14:45:00-05:00,12117.328657581042
2025-01-17 14:50:00-05:00,12116.267128943135
2025-01-17 14:55:00-05:00,12113.283361716336
2025-01-17 15:00:00-05:00,12105.368123681561
2025-01-17 15:05:00-05:00,12110.724657255381
2025-01-17 15:10:00-05:00,12113.599420236142
2025-01-17 15:15:00-05:00,12117.087667810087
2025-01-17 15:20:00-05:00,12119.288204933771
2025-01-17 15:25:00-05:00,12116.927842041006
2025-01-17 15:30:00-05:00,12123.790857630413
2025-01-17 15:35:00-05:00,12122.722662051341
2025-01-17 15:40:00-05:00,12117.748891708541
2025-01-17 15:45:00-05:00,12116.615211892647
2025-01-17 15:50:00-05:00,12116.83629221082
2025-01-17 15:55:00-05:00,13105.353671244264
2025-01-21 09:30:00-05:00,13180.942560349307
2025-01-21 09:35:00-05:00,13177.594351496202
2025-01-21 09:40:00-05:00,13193.824385652131
2025-01-21 09:45:00-05:00,13196.82469056031
2025-01-21 09:50:00-05:00,13182.32278121807
2025-01-21 09:55:00-05:00,13191.508739861156
2025-01-21 10:00:00-05:00,13184.923957544685
2025-01-21 10:05:00-05:00,13194.673590883453
2025-01-21 10:10:00-05:00,13187.449153571122
2025-01-21 10:15:00-05:00,13192.715823779557
2025-01-21 10:20:00-05:00,13185.02189391662
2025-01-21 10:25:00-05:00,13194.670424927745
2025-01-21 10:30:00-05:00,13190.153436325238
2025-01-21 10:35:00-05:00,13202.166703145418
2025-01-21 10:40:00-05:00,13200.809253379719
2025-01-21 10:45:00-05:00,13199.451363149268
2025-01-21 10:50:00-05:00,13198.3977889629
2025-01-21 10:55:00-05:00,13205.540260600153
2025-01-21 11:00:00-05:00,13205.457065374612
2025-01-21 11:05:00-05:00,13212.473963469929
2025-01-21 11:10:00-05:00,13212.675522815434
2025-01-21 11:15:00-05:00,13219.341091384369
2025-01-21 11:20:00-05:00,13220.714756988122
2025-01-21 11:25:00-05:00,13226.977096790004
2025-01-21 11:30:00-05:00,13228.289386371742
2025-01-21 11:35:00-05:00,13227.055490889732
2025-01-21 11:40:00-05:00,13218.904866860808
2025-01-21 11:45:00-05:00,13222.054096843041
2025-01-21 11:50:00-05:00,13232.121037542212
2025-01-21 11:55:00-05:00,13233.466325967704
2025-01-21 12:00:00-05:00,13228.863419775329
2025-01-21 12:05:00-05:00,13233.001955918136
2025-01-21 12:10:00-05:00,13230.585220384588
2025-01-21 12:15:00-05:00,13229.490549049553
2025-01-21 12:20:00-05:00,13230.628720736395
2025-01-21 12:25:00-05:00,13231.398490293766
2025-01-21 12:30:00-05:00,13236.311517584034
2025-01-21 12:35:00-05:00,13232.159173986838
2025-01-21 12:40:00-05:00,13231.877087976769
2025-01-21 12:45:00-05:00,13232.224680135745
2025-01-21 12:50:00-05:00,13230.245736976429
2025-01-21 12:55:00-05:00,13226.600704716584
2025-01-21 13:00:00-05:00,13224.582553839788
2025-01-21 13:05:00-05:00,13229.13209906982
2025-01-21 13:10:00-05:00,13222.616916922403
2025-01-21 13:15:00-05:00,13228.59136073836
2025-01-21 13:20:00-05:00,13228.650830820186
2025-01-21 13:25:00-05:00,13224.278420448372
2025-01-21 13:30:00-05:00,13226.2644322973
2025-01-21 13:35:00-05:00,13221.907508808312
2025-01-21 13:40:00-05:00,13220.538995927405
2025-01-21 13:45:00-05:00,13216.194815401752
2025-01-21 13:50:00-05:00,13218.458230314653
2025-01-21 13:55:00-05:00,13220.411656082983
2025-01-21 14:00:00-05:00,13214.82856496929
2025-01-21 14:05:00-05:00,13219.652513857336
2025-01-21 14:10:00-05:00,13220.540374630113
2025-01-21 14:15:00-05:00,13218.960437382078
2025-01-21 14:20:00-05:00,13214.684722915563
2025-01-21 14:25:00-05:00,13213.871638398652
2025-01-21 14:30:00-05:00,13210.961246591707
2025-01-21 14:35:00-05:00,13206.351301618797
2025-01-21 14:40:00-05:00,13208.60630901094
2025-01-21 14:45:00-05:00,13210.491132241576
2025-01-21 14:50:00-05:00,13210.032374680774
2025-01-21 14:55:00-05:00,13212.941252321833
2025-01-21 15:00:00-05:00,13212.195030931358
2025-01-21 15:05:00-05:00,13214.514299782402
2025-01-21 15:10:00-05:00,13213.623670370924
2025-01-21 15:15:00-05:00,13221.177837477684
2025-01-21 15:20:00-05:00,13219.899268768024
2025-01-21 15:25:00-05:00,13221.120626701135
2025-01-21 15:30:00-05:00,13213.698606389069
2025-01-21 15:35:00-05:00,13216.690971808455
2025-01-21 15:40:00-05:00,13226.8110223356
2025-01-21 15:45:00-05:00,13228.458252930248
2025-01-21 15:50:00-05:00,13234.020029244444
2025-01-21 15:55:00-05:00,13233.468470296359
2025-01-22 09:30:00-05:00,13250.194108873291
2025-01-22 09:35:00-05:00,13238.546177938508
2025-01-22 09:40:00-05:00,13237.022292786321
2025-01-22 09:45:00-05:00,13236.809845791498
2025-01-22 09:50:00-05:00,13254.714180526471
2025-01-22 09:55:00-05:00,13254.159290496103
2025-01-22 10:00:00-05:00,13257.523219289424
2025-01-22 10:05:00-05:00,13265.787784000931
2025-01-22 10:10:00-05:00,13259.78531642128
2025-01-22 10:15:00-05:00,13267.426066130418
2025-01-22 10:20:00-05:00,13257.675440811854
2025-01-22 10:25:00-05:00,13261.869168499943
2025-01-22 10:30:00-05:00,13253.28074589846
2025-01-22 10:35:00-05:00,13254.054161710956
2025-01-22 10:40:00-05:00,13252.949398897583
2025-01-22 10:45:00-05:00,13244.134987230504
2025-01-22 10:50:00-05:00,13248.883677864287
2025-01-22 10:55:00-05:00,13252.351589420061
2025-01-22 11:00:00-05:00,13245.978471252316
2025-01-22 11:05:00-05:00,13251.256216662629
2025-01-22 11:10:00-05:00,13245.593334813911
2025-01-22 11:15:00-05:00,13252.043156919253
2025-01-22 11:20:00-05:00,13252.532712504615
2025-01-22 11:25:00-05:00,13260.933756705099
2025-01-22 11:30:00-05:00,13266.486172930747
2025-01-22 11:35:00-05:00,13264.856214830945
2025-01-22 11:40:00-05:00,13258.115756455212
2025-01-22 11:45:00-05:00,13261.693701586642
2025-01-22 11:50:00-05:00,13272.061064148398
2025-01-22 11:55:00-05:00,13266.354660448356
2025-01-22 12:00:00-05:00,13265.097260853368
2025-01-22 12:05:00-05:00,13262.435703816534
2025-01-22 12:10:00-05:00,13258.728805211991
2025-01-22 12:15:00-05:00,13267.849840687892
2025-01-22 12:20:00-05:00,13266.069972266647
2025-01-22 12:25:00-05:00,13263.33331414179
2025-01-22 12:30:00-05:00,13264.296039854906
2025-01-22 12:35:00-05:00,13265.748695363623
2025-01-22 12:40:00-05:00,13263.65368363102
2025-01-22 12:45:00-05:00,13264.236188845718
2025-01-22 12:50:00-05:00,13262.5965245825
2025-01-22 12:55:00-05:00,13255.654515559605
2025-01-22 13:00:00-05:00,13257.656571417758
2025-01-22 13:05:00-05:00,13263.261688057793
2025-01-22 13:10:00-05:00,13265.6495542061
2025-01-22 13:15:00-05:00,13265.533500134876
2025-01-22 13:20:00-05:00,13267.040230951749
2025-01-22 13:25:00-05:00,13267.671560403936
2025-01-22 13:30:00-05:00,13265.58091249525
2025-01-22 13:35:00-05:00,13264.801489756424
2025-01-22 13:40:00-05:00,13272.575817295974
2025-01-22 13:45:00-05:00,13270.624705839418
2025-01-22 13:50:00-05:00,13267.081686503523
2025-01-22 13:55:00-05:00,13258.999881024214
2025-01-22 14:00:00-05:00,13259.377753682787
2025-01-22 14:05:00-05:00,13258.450531980863
2025-01-22 14:10:00-05:00,13258.938058124802
2025-01-22 14:15:00-05:00,13260.791015377661
2025-01-22 14:20:00-05:00,13261.520237959603
2025-01-22 14:25:00-05:00,13259.819194062862
2025-01-22 14:30:00-05:00,13261.164249324862
2025-01-22 14:35:00-05:00,13268.397931105803
2025-01-22 14:40:00-05:00,13271.045853738642
2025-01-22 14:45:00-05:00,13268.533620802924
2025-01-22 14:50:00-05:00,13269.983925439416
2025-01-22 14:55:00-05:00,13271.066889702457
2025-01-22 15:00:00-05:00,13272.006351370817
2025-01-22 15:05:00-05:00,13276.235001549625
2025-01-22 15:10:00-05:00,13274.70728660953
2025-01-22 15:15:00-05:00,13271.651341187146
2025-01-22 15:20:00-05:00,13272.065448521844
2025-01-22 15:25:00-05:00,13267.08961327363
2025-01-22 15:30:00-05:00,13271.297176896498
2025-01-22 15:35:00-05:00,13268.991544977593
2025-01-22 15:40:00-05:00,13266.722728900875
2025-01-22 15:45:00-05:00,13264.589819295084
2025-01-22 15:50:00-05:00,13256.892568279734
2025-01-22 15:55:00-05:00,13259.190367175688
2025-01-23 09:30:00-05:00,13265.05587758748
2025-01-23 09:35:00-05:00,13268.055189435974
2025-01-23 09:40:00-05:00,13275.805601267099
2025-01-23 09:45:00-05:00,13275.638046242275
2025-01-23 09:50:00-05:00,13281.18958129299
2025-01-23 09:55:00-05:00,13282.48400847488
2025-01-23 10:00:00-05:00,13282.608664717627
2025-01-23 10:05:00-05:00,13282.294787180335
2025-01-23 10:10:00-05:00,13279.584640127881
2025-01-23 10:15:00-05:00,13284.956628652048
2025-01-23 10:20:00-05:00,13274.7156419161
2025-01-23 10:25:00-05:00,13268.727341553698
2025-01-23 10:30:00-05:00,13271.07767422694
2025-01-23 10:35:00-05:00,13273.119524064865
2025-01-23 10:40:00-05:00,13285.930426387173
2025-01-23 10:45:00-05:00,13285.333414834764
2025-01-23 10:50:00-05:00,13295.034902605892
2025-01-23 10:55:00-05:00,13297.335438228423
2025-01-23 11:00:00-05:00,13300.746638697945
2025-01-23 11:05:00-05:00,13299.015306233023
2025-01-23 11:10:00-05:00,13302.828697328243
2025-01-23 11:15:00-05:00,13310.847717486064
2025-01-23 11:20:00-05:00,13319.14875155639
2025-01-23 11:25:00-05:00,13317.060990053556
2025-01-23 11:30:00-05:00,13314.58068664227
2025-01-23 11:35:00-05:00,13313.104513831675
2025-01-23 11:40:00-05:00,13317.498580530955
2025-01-23 11:45:00-05:00,13322.75977011968
2025-01-23 11:50:00-05:00,13318.272714318276
2025-01-23 11:55:00-05:00,13319.559328886751
2025-01-23 12:00:00-05:00,13322.281867476375
2025-01-23 12:05:00-05:00,13322.361071676902
2025-01-23 12:10:00-05:00,13325.693537449497
2025-01-23 12:15:00-05:00,13323.553940889833
2025-01-23 12:20:00-05:00,13324.886604325186
2025-01-23 12:25:00-05:00,13328.025135356522
2025-01-23 12:30:00-05:00,13331.933129628213
2025-01-23 12:35:00-05:00,13332.812272734118
2025-01-23 12:40:00-05:00,13334.786453058077
2025-01-23 12:45:00-05:00,13337.245660634215
2025-01-23 12:50:00-05:00,13337.829023177226
2025-01-23 12:55:00-05:00,13345.211073837354
2025-01-23 13:00:00-05:00,13344.357556938749
2025-01-23 13:05:00-05:00,13346.399901504561
2025-01-23 13:10:00-05:00,13351.653586157234
2025-01-23 13:15:00-05:00,13350.555334193636
2025-01-23 13:20:00-05:00,13350.061884434333
2025-01-23 13:25:00-05:00,13348.7973824303
2025-01-23 13:30:00-05:00,13349.978299999197
2025-01-23 13:35:00-05:00,13344.968474465826
2025-01-23 13:40:00-05:00,13345.09326376095
2025-01-23 13:45:00-05:00,13345.885739066416
2025-01-23 13:50:00-05:00,13345.3814160086
2025-01-23 13:55:00-05:00,13346.93648295756
2025-01-23 14:00:00-05:00,13344.467694943547
2025-01-23 14:05:00-05:00,13345.36535315192
2025-01-23 14:10:00-05:00,13342.009097990047
2025-01-23 14:15:00-05:00,13339.555824664132
2025-01-23 14:20:00-05:00,13342.529536921447
2025-01-23 14:25:00-05:00,13342.948277426394
2025-01-23 14:30:00-05:00,13347.296276752892
2025-01-23 14:35:00-05:00,13341.802299129104
2025-01-23 14:40:00-05:00,13347.179696092648
2025-01-23 14:45:00-05:00,13347.22137150571
2025-01-23 14:50:00-05:00,13347.195455716523
2025-01-23 14:55:00-05:00,13347.653540662419
2025-01-23 15:00:00-05:00,13347.972936442955
2025-01-23 15:05:00-05:00,13346.259384353936
2025-01-23 15:10:00-05:00,13348.54380599253
2025-01-23 15:15:00-05:00,13351.604472713896
2025-01-23 15:20:00-05:00,13350.93402190368
2025-01-23 15:25:00-05:00,13347.243454036516
2025-01-23 15:30:00-05:00,13345.18454761515
2025-01-23 15:35:00-05:00,13342.488010855968
2025-01-23 15:40:00-05:00,13344.522595174863
2025-01-23 15:45:00-05:00,13348.73502804275
2025-01-23 15:50:00-05:00,13351.795892613329
2025-01-23 15:55:00-05:00,13368.383191131847
2025-01-24 09:30:00-05:00,13362.948089824567
2025-01-24 09:35:00-05:00,13374.964992968855
2025-01-24 09:40:00-05:00,13372.08149669591
2025-01-24 09:45:00-05:00,13354.301151056035
2025-01-24 09:50:00-05:00,13339.48953953347
2025-01-24 09:55:00-05:00,13345.240100817664
2025-01-24 10:00:00-05:00,13340.765390450992
2025-01-24 10:05:00-05:00,13346.34146584251
2025-01-24 10:10:00-05:00,13346.59280094182
2025-01-24 10:15:00-05:00,13355.922147606574
2025-01-24 10:20:00-05:00,13351.610558490402
2025-01-24 10:25:00-05:00,13355.893607158383
2025-01-24 10:30:00-05:00,13353.571256048346
2025-01-24 10:35:00-05:00,13356.37629538778
2025-01-24 10:40:00-05:00,13353.23540292291
2025-01-24 10:45:00-05:00,13362.161154872403
2025-01-24 10:50:00-05:00,13357.291658354057
2025-01-24 10:55:00-05:00,13355.401247782254
2025-01-24 11:00:00-05:00,13362.752867018147
2025-01-24 11:05:00-05:00,13365.134641588495
2025-01-24 11:10:00-05:00,13366.638391394685
2025-01-24 11:15:00-05:00,13366.409598813982
2025-01-24 11:20:00-05:00,13369.681851998654
2025-01-24 11:25:00-05:00,13370.025608596452
2025-01-24 11:30:00-05:00,13369.29077011555
2025-01-24 11:35:00-05:00,13372.464664400737
2025-01-24 11:40:00-05:00,13368.663249546422
2025-01-24 11:45:00-05:00,13365.515381454941
2025-01-24 11:50:00-05:00,13367.720883954718
2025-01-24 11:55:00-05:00,13361.023661331425
2025-01-24 12:00:00-05:00,13363.115991053608
2025-01-24 12:05:00-05:00,13367.569737002537
2025-01-24 12:10:00-05:00,13361.53585015682
2025-01-24 12:15:00-05:00,13367.235235241806
2025-01-24 12:20:00-05:00,13372.87481559409
2025-01-24 12:25:00-05:00,13365.46809890589
2025-01-24 12:30:00-05:00,13365.88904634102
2025-01-24 12:35:00-05:00,13368.725998942637
2025-01-24 12:40:00-05:00,13366.476175437214
2025-01-24 12:45:00-05:00,13366.4133298666
2025-01-24 12:50:00-05:00,13365.7077577065
2025-01-24 12:55:00-05:00,13358.74291822679
2025-01-24 13:00:00-05:00,13358.312720749553
2025-01-24 13:05:00-05:00,13357.299621424107
2025-01-24 13:10:00-05:00,13355.631069754
2025-01-24 13:15:00-05:00,13351.322809219168
2025-01-24 13:20:00-05:00,13350.97452094002
2025-01-24 13:25:00-05:00,13351.860940705003
2025-01-24 13:30:00-05:00,13349.612991227488
2025-01-24 13:35:00-05:00,13355.03222529578
2025-01-24 13:40:00-05:00,13353.279836449921
2025-01-24 13:45:00-05:00,13354.01495431342
2025-01-24 13:50:00-05:00,13352.490085880694
2025-01-24 13:55:00-05:00,13344.042637775523
2025-01-24 14:00:00-05:00,13342.590039475652
2025-01-24 14:05:00-05:00,13338.098488557891
2025-01-24 14:10:00-05:00,13335.69081714069
2025-01-24 14:15:00-05:00,13334.769671370837
2025-01-24 14:20:00-05:00,13336.952780834916
2025-01-24 14:25:00-05:00,13336.753311041477
2025-01-24 14:30:00-05:00,13336.641966219835
2025-01-24 14:35:00-05:00,13333.60971966407
2025-01-24 14:40:00-05:00,13338.369413670991
2025-01-24 14:45:00-05:00,13338.369815953674
2025-01-24 14:50:00-05:00,13340.428875917225
2025-01-24 14:55:00-05:00,13333.183781319713
2025-01-24 15:00:00-05:00,13339.527272792893
2025-01-24 15:05:00-05:00,13333.449909571309
2025-01-24 15:10:00-05:00,13334.374973402333
2025-01-24 15:15:00-05:00,13330.657027743955
2025-01-24 15:20:00-05:00,13328.00017063263
2025-01-24 15:25:00-05:00,13325.543606864885
2025-01-24 15:30:00-05:00,13319.166656617464
2025-01-24 15:35:00-05:00,13319.801347299932
2025-01-24 15:40:00-05:00,13320.452665470326
2025-01-24 15:45:00-05:00,13322.97059937189
2025-01-24 15:50:00-05:00,13326.131420315603
2025-01-24 15:55:00-05:00,14338.200141299192
2025-01-27 09:30:00-05:00,14341.899404950818
2025-01-27 09:35:00-05:00,14386.993298732992
2025-01-27 09:40:00-05:00,14370.097049401105
2025-01-27 09:45:00-05:00,14362.43400978565
2025-01-27 09:50:00-05:00,14368.950619649928
2025-01-27 09:55:00-05:00,14365.167826500863
2025-01-27 10:00:00-05:00,14355.376894699157
2025-01-27 10:05:00-05:00,14358.141143057737
2025-01-27 10:10:00-05:00,14358.575688281337
2025-01-27 10:15:00-05:00,14367.214288218931
2025-01-27 10:20:00-05:00,14394.383079149517
2025-01-27 10:25:00-05:00,14397.567222394757
2025-01-27 10:30:00-05:00,14392.37748381813
2025-01-27 10:35:00-05:00,14392.217702004327
2025-01-27 10:40:00-05:00,14396.368763449103
2025-01-27 10:45:00-05:00,14377.432733072392
2025-01-27 10:50:00-05:00,14386.85424192129
2025-01-27 10:55:00-05:00,14382.716770853773
2025-01-27 11:00:00-05:00,14379.19844615893
2025-01-27 11:05:00-05:00,14383.580112997335
2025-01-27 11:10:00-05:00,14391.571446650358
2025-01-27 11:15:00-05:00,14393.498147866427
2025-01-27 11:20:00-05:00,14389.434979267768
2025-01-27 11:25:00-05:00,14392.93333921811
2025-01-27 11:30:00-05:00,14398.591221483606
2025-01-27 11:35:00-05:00,14402.158610984614
2025-01-27 11:40:00-05:00,14407.890288662826
2025-01-27 11:45:00-05:00,14405.963107506217
2025-01-27 11:50:00-05:00,14399.730180234135
2025-01-27 11:55:00-05:00,14410.142416359475
2025-01-27 12:00:00-05:00,14414.130208710025
2025-01-27 12:05:00-05:00,14410.13668532257
2025-01-27 12:10:00-05:00,14425.454373463917
2025-01-27 12:15:00-05:00,14422.664481049776
2025-01-27 12:20:00-05:00,14440.615823452908
2025-01-27 12:25:00-05:00,14450.732194842874
2025-01-27 12:30:00-05:00,14449.87968359416
2025-01-27 12:35:00-05:00,14449.95606446848
2025-01-27 12:40:00-05:00,14453.994895974143
2025-01-27 12:45:00-05:00,14440.939725766653
2025-01-27 12:50:00-05:00,14439.263348487422
2025-01-27 12:55:00-05:00,14437.817612917954
2025-01-27 13:00:00-05:00,14428.955894492658
2025-01-27 13:05:00-05:00,14429.577312747238
2025-01-27 13:10:00-05:00,14431.783365786128
2025-01-27 13:15:00-05:00,14431.304004569536
2025-01-27 13:20:00-05:00,14441.939763055187
2025-01-27 13:25:00-05:00,14445.953732212489
2025-01-27 13:30:00-05:00,14455.19130736419
2025-01-27 13:35:00-05:00,14442.535047002473
2025-01-27 13:40:00-05:00,14461.618588817228
2025-01-27 13:45:00-05:00,14461.648372109503
2025-01-27 13:50:00-05:00,14466.651909067838
2025-01-27 13:55:00-05:00,14467.448451327431
2025-01-27 14:00:00-05:00,14482.007287996003
2025-01-27 14:05:00-05:00,14478.836763474428
2025-01-27 14:10:00-05:00,14478.417382610884
2025-01-27 14:15:00-05:00,14495.229324192851
2025-01-27 14:20:00-05:00,14497.49630277986
2025-01-27 14:25:00-05:00,14512.01147594731
2025-01-27 14:30:00-05:00,14505.304924093029
2025-01-27 14:35:00-05:00,14513.112918698607
2025-01-27 14:40:00-05:00,14505.506879486322
2025-01-27 14:45:00-05:00,14496.395162779427
2025-01-27 14:50:00-05:00,14494.962546688756
2025-01-27 14:55:00-05:00,14491.673923054885
2025-01-27 15:00:00-05:00,14489.061069034404
2025-01-27 15:05:00-05:00,14477.48924281551
2025-01-27 15:10:00-05:00,14476.235965669388
2025-01-27 15:15:00-05:00,14489.721167764512
2025-01-27 15:20:00-05:00,14497.680334105931
2025-01-27 15:25:00-05:00,14485.03809251244
2025-01-27 15:30:00-05:00,14481.909511693126
2025-01-27 15:35:00-05:00,14483.841842587828
2025-01-27 15:40:00-05:00,14492.137886770366
2025-01-27 15:45:00-05:00,14482.411586473696
2025-01-27 15:50:00-05:00,14485.18600070417
2025-01-27 15:55:00-05:00,14514.11860825141
2025-01-28 09:30:00-05:00,14531.780016549326
2025-01-28 09:35:00-05:00,14535.481087379867
2025-01-28 09:40:00-05:00,14527.930580230837
2025-01-28 09:45:00-05:00,14494.340131362382
2025-01-28 09:50:00-05:00,14508.295316042922
2025-01-28 09:55:00-05:00,14500.310516187106
2025-01-28 10:00:00-05:00,14528.543895617795
2025-01-28 10:05:00-05:00,14523.52633720665
2025-01-28 10:10:00-05:00,14534.751913999005
2025-01-28 10:15:00-05:00,14537.09856218716
2025-01-28 10:20:00-05:00,14544.454830890298
2025-01-28 10:25:00-05:00,14540.308313586496
2025-01-28 10:30:00-05:00,14543.131371366813
2025-01-28 10:35:00-05:00,14549.285191175346
2025-01-28 10:40:00-05:00,14553.854218517923
2025-01-28 10:45:00-05:00,14567.26969470988
2025-01-28 10:50:00-05:00,14577.447888631104
2025-01-28 10:55:00-05:00,14574.230702968309
2025-01-28 11:00:00-05:00,14574.96443394513
2025-01-28 11:05:00-05:00,14579.169292715611
2025-01-28 11:10:00-05:00,14570.606965982897
2025-01-28 11:15:00-05:00,14559.411119399088
2025-01-28 11:20:00-05:00,14539.506408094921
2025-01-28 11:25:00-05:00,14519.726133780368
2025-01-28 11:30:00-05:00,14519.556476443078
2025-01-28 11:35:00-05:00,14518.122363183838
2025-01-28 11:40:00-05:00,14519.594838654251
2025-01-28 11:45:00-05:00,14524.52204473862
2025-01-28 11:50:00-05:00,14516.743069531714
2025-01-28 11:55:00-05:00,14524.442829857247
2025-01-28 12:00:00-05:00,14516.002858388294
2025-01-28 12:05:00-05:00,14526.670647655938
2025-01-28 12:10:00-05:00,14524.08120891596
2025-01-28 12:15:00-05:00,14518.625690633806
2025-01-28 12:20:00-05:00,14516.647923533348
2025-01-28 12:25:00-05:00,14516.142135980323
2025-01-28 12:30:00-05:00,14520.150643718416
2025-01-28 12:35:00-05:00,14515.153161471228
2025-01-28 12:40:00-05:00,14521.928779722639
2025-01-28 12:45:00-05:00,14523.785466117619
2025-01-28 12:50:00-05:00,14524.661558081209
2025-01-28 12:55:00-05:00,14527.093665165778
2025-01-28 13:00:00-05:00,14530.129092028908
2025-01-28 13:05:00-05:00,14526.369325928667
2025-01-28 13:10:00-05:00,14530.780530647367
2025-01-28 13:15:00-05:00,14533.972782274595
2025-01-28 13:20:00-05:00,14531.637368964672
2025-01-28 13:25:00-05:00,14530.399282838514
2025-01-28 13:30:00-05:00,14539.151185718745
2025-01-28 13:35:00-05:00,14529.218480646423
2025-01-28 13:40:00-05:00,14524.80909592279
2025-01-28 13:45:00-05:00,14517.986567371077
2025-01-28 13:50:00-05:00,14516.138805138376
2025-01-28 13:55:00-05:00,14511.50872990066
2025-01-28 14:00:00-05:00,14507.913855294086
2025-01-28 14:05:00-05:00,14501.182664524575
2025-01-28 14:10:00-05:00,14496.66223117428
2025-01-28 14:15:00-05:00,14497.169247792888
2025-01-28 14:20:00-05:00,14499.967587060304
2025-01-28 14:25:00-05:00,14502.944504902536
2025-01-28 14:30:00-05:00,14506.849202101317
2025-01-28 14:35:00-05:00,14500.15023176083
2025-01-28 14:40:00-05:00,14498.421192167767
2025-01-28 14:45:00-05:00,14499.620094827455
2025-01-28 14:50:00-05:00,14503.081173431057
2025-01-28 14:55:00-05:00,14506.138491094693
2025-01-28 15:00:00-05:00,14505.566383252151
2025-01-28 15:05:00-05:00,14511.181376388551
2025-01-28 15:10:00-05:00,14507.91744923692
2025-01-28 15:15:00-05:00,14509.770349648408
2025-01-28 15:20:00-05:00,14505.766800804327
2025-01-28 15:25:00-05:00,14504.419098880486
2025-01-28 15:30:00-05:00,14505.909294056068
2025-01-28 15:35:00-05:00,14510.73109881301
2025-01-28 15:40:00-05:00,14516.5340806087
2025-01-28 15:45:00-05:00,14507.422795282717
2025-01-28 15:50:00-05:00,14518.450931164423
2025-01-28 15:55:00-05:00,14501.113938646396
2025-01-29 09:30:00-05:00,14543.76310743867
2025-01-29 09:35:00-05:00,14546.829668742663
2025-01-29 09:40:00-05:00,14527.711782115914
2025-01-29 09:45:00-05:00,14530.442500262896
2025-01-29 09:50:00-05:00,14527.564995664134
2025-01-29 09:55:00-05:00,14537.88724674095
2025-01-29 10:00:00-05:00,14538.407336300741
2025-01-29 10:05:00-05:00,14542.280799304059
2025-01-29 10:10:00-05:00,14539.147909774578
2025-01-29 10:15:00-05:00,14540.042337417295
2025-01-29 10:20:00-05:00,14549.043281299797
2025-01-29 10:25:00-05:00,14540.42787411576
2025-01-29 10:30:00-05:00,14538.793164953182
2025-01-29 10:35:00-05:00,14545.305972509947
2025-01-29 10:40:00-05:00,14555.755423170942
2025-01-29 10:45:00-05:00,14547.01963600167
2025-01-29 10:50:00-05:00,14545.86970954194
2025-01-29 10:55:00-05:00,14539.683288770662
2025-01-29 11:00:00-05:00,14545.76694390159
2025-01-29 11:05:00-05:00,14542.620977756653
2025-01-29 11:10:00-05:00,14541.59711530869
2025-01-29 11:15:00-05:00,14539.272739611724
2025-01-29 11:20:00-05:00,14537.140677745196
2025-01-29 11:25:00-05:00,14537.00621886148
2025-01-29 11:30:00-05:00,14542.269747892842
2025-01-29 11:35:00-05:00,14530.587870527348
2025-01-29 11:40:00-05:00,14529.629790362938
2025-01-29 11:45:00-05:00,14540.632543079568
2025-01-29 11:50:00-05:00,14543.418664542192
2025-01-29 11:55:00-05:00,14528.60142282522
2025-01-29 12:00:00-05:00,14539.936274767788
2025-01-29 12:05:00-05:00,14539.231559035585
2025-01-29 12:10:00-05:00,14539.000746353475
2025-01-29 12:15:00-05:00,14548.261939869923
2025-01-29 12:20:00-05:00,14548.180554307295
2025-01-29 12:25:00-05:00,14541.25902365829
2025-01-29 12:30:00-05:00,14538.575171823624
2025-01-29 12:35:00-05:00,14532.956043988868
2025-01-29 12:40:00-05:00,14531.007155054016
2025-01-29 12:45:00-05:00,14526.707177108756
2025-01-29 12:50:00-05:00,14520.590374020203
2025-01-29 12:55:00-05:00,14521.033573065248
2025-01-29 13:00:00-05:00,14497.670031548569
2025-01-29 13:05:00-05:00,14519.80416366694
2025-01-29 13:10:00-05:00,14521.629882205234
2025-01-29 13:15:00-05:00,14523.24287776487
2025-01-29 13:20:00-05:00,14526.246997947776
2025-01-29 13:25:00-05:00,14530.665470420481
2025-01-29 13:30:00-05:00,14526.908706718736
2025-01-29 13:35:00-05:00,14519.360290864744
2025-01-29 13:40:00-05:00,14518.766831954983
2025-01-29 13:45:00-05:00,14530.004248949785
2025-01-29 13:50:00-05:00,14523.150756789748
2025-01-29 13:55:00-05:00,14519.166216227602
2025-01-29 14:00:00-05:00,14487.71361481406
2025-01-29 14:05:00-05:00,14492.459125601617
2025-01-29 14:10:00-05:00,14482.286147426377
2025-01-29 14:15:00-05:00,14477.812437215565
2025-01-29 14:20:00-05:00,14474.843348054945
2025-01-29 14:25:00-05:00,14468.755621831437
2025-01-29 14:30:00-05:00,14496.449317253893
2025-01-29 14:35:00-05:00,14509.16381280044
2025-01-29 14:40:00-05:00,14522.898341171893
2025-01-29 14:45:00-05:00,14525.694051484934
2025-01-29 14:50:00-05:00,14532.737487136534
2025-01-29 14:55:00-05:00,14521.29722355316
2025-01-29 15:00:00-05:00,14505.666001596255
2025-01-29 15:05:00-05:00,14512.404994461614
2025-01-29 15:10:00-05:00,14513.06339545937
2025-01-29 15:15:00-05:00,14510.532991920947
2025-01-29 15:20:00-05:00,14536.400758356935
2025-01-29 15:25:00-05:00,14536.815276429246
2025-01-29 15:30:00-05:00,14532.305903710298
2025-01-29 15:35:00-05:00,14510.541586130763
2025-01-29 15:40:00-05:00,14516.70330651973
2025-01-29 15:45:00-05:00,14514.733873990992
2025-01-29 15:50:00-05:00,14510.059259953687
2025-01-29 15:55:00-05:00,14502.28065286765
2025-01-30 09:30:00-05:00,14564.90070903219
2025-01-30 09:35:00-05:00,14580.992326847381
2025-01-30 09:40:00-05:00,14582.817943793307
2025-01-30 09:45:00-05:00,14589.358062332914
2025-01-30 09:50:00-05:00,14590.974270164264
2025-01-30 09:55:00-05:00,14588.891567179748
2025-01-30 10:00:00-05:00,14583.178820380665
2025-01-30 10:05:00-05:00,14584.4251072889
2025-01-30 10:10:00-05:00,14585.272206664531
2025-01-30 10:15:00-05:00,14586.10363517899
2025-01-30 10:20:00-05:00,14596.564984747076
2025-01-30 10:25:00-05:00,14581.076779643743
2025-01-30 10:30:00-05:00,14594.311863609615
2025-01-30 10:35:00-05:00,14615.356349908045
2025-01-30 10:40:00-05:00,14611.556843208327
2025-01-30 10:45:00-05:00,14608.89672991278
2025-01-30 10:50:00-05:00,14602.232698451971
2025-01-30 10:55:00-05:00,14591.774716616763
2025-01-30 11:00:00-05:00,14586.535164672458
2025-01-30 11:05:00-05:00,14589.73887155494
2025-01-30 11:10:00-05:00,14576.917324261252
2025-01-30 11:15:00-05:00,14578.46324721939
2025-01-30 11:20:00-05:00,14587.583461577306
2025-01-30 11:25:00-05:00,14593.200331799602
2025-01-30 11:30:00-05:00,14589.264309285272
2025-01-30 11:35:00-05:00,14599.362651195903
2025-01-30 11:40:00-05:00,14605.371060269372
2025-01-30 11:45:00-05:00,14604.582252620277
2025-01-30 11:50:00-05:00,14615.045637665507
2025-01-30 11:55:00-05:00,14613.763371187071
2025-01-30 12:00:00-05:00,14608.489179532111
2025-01-30 12:05:00-05:00,14610.163552499998
2025-01-30 12:10:00-05:00,14601.554169652367
2025-01-30 12:15:00-05:00,14595.944698008972
2025-01-30 12:20:00-05:00,14593.874859281377
2025-01-30 12:25:00-05:00,14588.98263745571
2025-01-30 12:30:00-05:00,14593.770130058832
2025-01-30 12:35:00-05:00,14597.613133377241
2025-01-30 12:40:00-05:00,14595.111322481684
2025-01-30 12:45:00-05:00,14598.075610634898
2025-01-30 12:50:00-05:00,14603.190100512764
2025-01-30 12:55:00-05:00,14604.177378421655
2025-01-30 13:00:00-05:00,14615.59309336239
2025-01-30 13:05:00-05:00,14619.000149493742
2025-01-30 13:10:00-05:00,14619.920640205853
2025-01-30 13:15:00-05:00,14621.613138225914
2025-01-30 13:20:00-05:00,14634.67211295122
2025-01-30 13:25:00-05:00,14636.46401400226
2025-01-30 13:30:00-05:00,14645.02008939249
2025-01-30 13:35:00-05:00,14656.917091537534
2025-01-30 13:40:00-05:00,14652.490448105877
2025-01-30 13:45:00-05:00,14657.147027898105
2025-01-30 13:50:00-05:00,14656.056574802637
2025-01-30 13:55:00-05:00,14651.451873304619
2025-01-30 14:00:00-05:00,14645.631829355698
2025-01-30 14:05:00-05:00,14646.812409325736
2025-01-30 14:10:00-05:00,14646.295084861997
2025-01-30 14:15:00-05:00,14642.964829212704
2025-01-30 14:20:00-05:00,14643.354831348512
2025-01-30 14:25:00-05:00,14642.261833108734
2025-01-30 14:30:00-05:00,14634.439351171792
2025-01-30 14:35:00-05:00,14637.661749949317
2025-01-30 14:40:00-05:00,14638.46226630663
2025-01-30 14:45:00-05:00,14637.918573136561
2025-01-30 14:50:00-05:00,14640.82557886467
2025-01-30 14:55:00-05:00,14645.585577954846
2025-01-30 15:00:00-05:00,14651.527367898514
2025-01-30 15:05:00-05:00,14647.742710447896
2025-01-30 15:10:00-05:00,14649.487465672468
2025-01-30 15:15:00-05:00,14647.403398136432
2025-01-30 15:20:00-05:00,14648.854327695824
2025-01-30 15:25:00-05:00,14641.57983827946
2025-01-30 15:30:00-05:00,14640.6954879773
2025-01-30 15:35:00-05:00,14584.36888313307
2025-01-30 15:40:00-05:00,14548.639548961084
2025-01-30 15:45:00-05:00,14587.278287168532
2025-01-30 15:50:00-05:00,14609.849201725505
2025-01-30 15:55:00-05:00,14612.84797966492
2025-01-31 09:30:00-05:00,14637.040060247575
2025-01-31 09:35:00-05:00,14646.742052170595
2025-01-31 09:40:00-05:00,14632.433753848925
2025-01-31 09:45:00-05:00,14623.234160434393
2025-01-31 09:50:00-05:00,14615.00214554342
2025-01-31 09:55:00-05:00,14611.696535645433
2025-01-31 10:00:00-05:00,14615.697148913485
2025-01-31 10:05:00-05:00,14623.304202262729
2025-01-31 10:10:00-05:00,14620.10697616001
2025-01-31 10:15:00-05:00,14611.17485616556
2025-01-31 10:20:00-05:00,14615.166474970816
2025-01-31 10:25:00-05:00,14622.444604037391
2025-01-31 10:30:00-05:00,14625.417691628685
2025-01-31 10:35:00-05:00,14619.302503273018
2025-01-31 10:40:00-05:00,14608.117585705715
2025-01-31 10:45:00-05:00,14618.15074517314
2025-01-31 10:50:00-05:00,14607.425708992792
2025-01-31 10:55:00-05:00,14606.098736973077
2025-01-31 11:00:00-05:00,14603.238139243003
2025-01-31 11:05:00-05:00,14616.111647469004
2025-01-31 11:10:00-05:00,14615.664175549466
2025-01-31 11:15:00-05:00,14615.033109820395
2025-01-31 11:20:00-05:00,14613.254514150476
2025-01-31 11:25:00-05:00,14606.086371078056
2025-01-31 11:30:00-05:00,14603.49359566638
2025-01-31 11:35:00-05:00,14605.95019475994
2025-01-31 11:40:00-05:00,14612.328062368313
2025-01-31 11:45:00-05:00,14606.573514085418
2025-01-31 11:50:00-05:00,14604.882506436856
2025-01-31 11:55:00-05:00,14607.05813361749
2025-01-31 12:00:00-05:00,14608.600728209842
2025-01-31 12:05:00-05:00,14606.901789919904
2025-01-31 12:10:00-05:00,14607.836946396663
2025-01-31 12:15:00-05:00,14614.320111434085
2025-01-31 12:20:00-05:00,14628.011302137893
2025-01-31 12:25:00-05:00,14626.323776887042
2025-01-31 12:30:00-05:00,14625.950075146196
2025-01-31 12:35:00-05:00,14627.490387487056
2025-01-31 12:40:00-05:00,14626.756248017062
2025-01-31 12:45:00-05:00,14621.677517911337
2025-01-31 12:50:00-05:00,14619.358077336505
2025-01-31 12:55:00-05:00,14609.996599439524
2025-01-31 13:00:00-05:00,14615.041230468185
2025-01-31 13:05:00-05:00,14617.615858972931
2025-01-31 13:10:00-05:00,14616.410713378104
2025-01-31 13:15:00-05:00,14592.124723433919
2025-01-31 13:20:00-05:00,14584.30909307777
2025-01-31 13:25:00-05:00,14570.161918589349
2025-01-31 13:30:00-05:00,14538.831952672363
2025-01-31 13:35:00-05:00,14544.8612819197
2025-01-31 13:40:00-05:00,14556.195931645227
2025-01-31 13:45:00-05:00,14560.912702189462
2025-01-31 13:50:00-05:00,14548.948261970281
2025-01-31 13:55:00-05:00,14542.185195847042
2025-01-31 14:00:00-05:00,14532.846174518254
2025-01-31 14:05:00-05:00,14510.619936479818
2025-01-31 14:10:00-05:00,14527.274372551345
2025-01-31 14:15:00-05:00,14522.499015942265
2025-01-31 14:20:00-05:00,14529.219689054315
2025-01-31 14:25:00-05:00,14534.649414316935
2025-01-31 14:30:00-05:00,14544.411608832626
2025-01-31 14:35:00-05:00,14529.63008464851
2025-01-31 14:40:00-05:00,14512.990796480219
2025-01-31 14:45:00-05:00,14517.384950406797
2025-01-31 14:50:00-05:00,14527.351109172236
2025-01-31 14:55:00-05:00,14530.53407565395
2025-01-31 15:00:00-05:00,14494.86943794726
2025-01-31 15:05:00-05:00,14492.292784360008
2025-01-31 15:10:00-05:00,14501.24547174839
2025-01-31 15:15:00-05:00,14509.517299928184
2025-01-31 15:20:00-05:00,14513.718188527855
2025-01-31 15:25:00-05:00,14504.775226717618
2025-01-31 15:30:00-05:00,14506.684857470045
2025-01-31 15:35:00-05:00,14498.579223549466
2025-01-31 15:40:00-05:00,14498.748365695215
2025-01-31 15:45:00-05:00,14520.8274027016
2025-01-31 15:50:00-05:00,14501.106498252584
2025-01-31 15:55:00-05:00,15503.03099469239
2025-02-03 09:30:00-05:00,15377.460453160475
2025-02-03 09:35:00-05:00,15371.435122339588
2025-02-03 09:40:00-05:00,15347.861624746456
2025-02-03 09:45:00-05:00,15352.479605298397
2025-02-03 09:50:00-05:00,15327.839860657716
2025-02-03 09:55:00-05:00,15327.025748311531
2025-02-03 10:00:00-05:00,15328.061448685252
2025-02-03 10:05:00-05:00,15335.50707545289
2025-02-03 10:10:00-05:00,15332.624468890259
2025-02-03 10:15:00-05:00,15328.356794304766
2025-02-03 10:20:00-05:00,15420.320379141056
2025-02-03 10:25:00-05:00,15453.753904568173
2025-02-03 10:30:00-05:00,15458.231514152101
2025-02-03 10:35:00-05:00,15466.076399359663
2025-02-03 10:40:00-05:00,15478.33120958817
2025-02-03 10:45:00-05:00,15469.896716995601
2025-02-03 10:50:00-05:00,15469.132076423612
2025-02-03 10:55:00-05:00,15480.355655343392
2025-02-03 11:00:00-05:00,15475.084257661052
2025-02-03 11:05:00-05:00,15475.320564715876
2025-02-03 11:10:00-05:00,15490.97496947765
2025-02-03 11:15:00-05:00,15506.467534437574
2025-02-03 11:20:00-05:00,15507.717094246385
2025-02-03 11:25:00-05:00,15494.498791290393
2025-02-03 11:30:00-05:00,15505.543301216858
2025-02-03 11:35:00-05:00,15516.015893779966
2025-02-03 11:40:00-05:00,15518.446984496175
2025-02-03 11:45:00-05:00,15504.86894720169
2025-02-03 11:50:00-05:00,15510.322894650219
2025-02-03 11:55:00-05:00,15486.63145504089
2025-02-03 12:00:00-05:00,15480.67538569497
2025-02-03 12:05:00-05:00,15490.060952142052
2025-02-03 12:10:00-05:00,15480.887856791813
2025-02-03 12:15:00-05:00,15487.68432614962
2025-02-03 12:20:00-05:00,15516.034604595936
2025-02-03 12:25:00-05:00,15501.515752538113
2025-02-03 12:30:00-05:00,15491.155794428674
2025-02-03 12:35:00-05:00,15486.823812233939
2025-02-03 12:40:00-05:00,15481.22205059899
2025-02-03 12:45:00-05:00,15483.968316059985
2025-02-03 12:50:00-05:00,15505.75479284106
2025-02-03 12:55:00-05:00,15494.398561323344
2025-02-03 13:00:00-05:00,15495.02501662911
2025-02-03 13:05:00-05:00,15484.85343807068
2025-02-03 13:10:00-05:00,15496.82640660803
2025-02-03 13:15:00-05:00,15491.065695478508
2025-02-03 13:20:00-05:00,15495.600168692064
2025-02-03 13:25:00-05:00,15505.135693071743
2025-02-03 13:30:00-05:00,15518.470858585559
2025-02-03 13:35:00-05:00,15512.264305613942
2025-02-03 13:40:00-05:00,15504.057100826265
2025-02-03 13:45:00-05:00,15512.86567950914
2025-02-03 13:50:00-05:00,15521.483585637754
2025-02-03 13:55:00-05:00,15522.943413085173
2025-02-03 14:00:00-05:00,15523.128946784907
2025-02-03 14:05:00-05:00,15525.425457608373
2025-02-03 14:10:00-05:00,15535.17534198953
2025-02-03 14:15:00-05:00,15541.039493478096
2025-02-03 14:20:00-05:00,15544.77381379231
2025-02-03 14:25:00-05:00,15537.021185622594
2025-02-03 14:30:00-05:00,15540.462802161699
2025-02-03 14:35:00-05:00,15533.43910805439
2025-02-03 14:40:00-05:00,15546.3808644209
2025-02-03 14:45:00-05:00,15554.124931402615
2025-02-03 14:50:00-05:00,15549.06586286132
2025-02-03 14:55:00-05:00,15547.834526174875
2025-02-03 15:00:00-05:00,15547.83687313852
2025-02-03 15:05:00-05:00,15541.955582732216
2025-02-03 15:10:00-05:00,15531.021677028148
2025-02-03 15:15:00-05:00,15536.916052386836
2025-02-03 15:20:00-05:00,15531.534970689081
2025-02-03 15:25:00-05:00,15515.935430294832
2025-02-03 15:30:00-05:00,15518.368061931493
2025-02-03 15:35:00-05:00,15521.78861098708
2025-02-03 15:40:00-05:00,15521.53537041563
2025-02-03 15:45:00-05:00,15534.39742501131
2025-02-03 15:50:00-05:00,15526.34514523849
2025-02-03 15:55:00-05:00,15512.54859648161
2025-02-04 09:30:00-05:00,15465.186138069817
2025-02-04 09:35:00-05:00,15470.698429177864
2025-02-04 09:40:00-05:00,15478.557894526186
2025-02-04 09:45:00-05:00,15466.815816658913
2025-02-04 09:50:00-05:00,15476.221543196223
2025-02-04 09:55:00-05:00,15471.99454273235
2025-02-04 10:00:00-05:00,15482.26450570286
2025-02-04 10:05:00-05:00,15488.75462073097
2025-02-04 10:10:00-05:00,15485.362820036062
2025-02-04 10:15:00-05:00,15498.37580243948
2025-02-04 10:20:00-05:00,15475.019671087626
2025-02-04 10:25:00-05:00,15474.488078802471
2025-02-04 10:30:00-05:00,15485.80060659135
2025-02-04 10:35:00-05:00,15487.177113744949
2025-02-04 10:40:00-05:00,15486.49859638261
2025-02-04 10:45:00-05:00,15482.679324461018
2025-02-04 10:50:00-05:00,15484.11430762847
2025-02-04 10:55:00-05:00,15472.621253851668
2025-02-04 11:00:00-05:00,15490.29714901467
2025-02-04 11:05:00-05:00,15497.639725175617
2025-02-04 11:10:00-05:00,15495.547694634248
2025-02-04 11:15:00-05:00,15500.402306386613
2025-02-04 11:20:00-05:00,15502.37573777498
2025-02-04 11:25:00-05:00,15506.220831201663
2025-02-04 11:30:00-05:00,15505.784386301111
2025-02-04 11:35:00-05:00,15502.234872617377
2025-02-04 11:40:00-05:00,15495.401892145006
2025-02-04 11:45:00-05:00,15488.29747589075
2025-02-04 11:50:00-05:00,15492.509137069723
2025-02-04 11:55:00-05:00,15495.324125662542
2025-02-04 12:00:00-05:00,15511.339005419433
2025-02-04 12:05:00-05:00,15513.35219646052
2025-02-04 12:10:00-05:00,15512.806269984285
2025-02-04 12:15:00-05:00,15497.136833568462
2025-02-04 12:20:00-05:00,15497.709090435605
2025-02-04 12:25:00-05:00,15482.008477556297
2025-02-04 12:30:00-05:00,15479.92520962288
2025-02-04 12:35:00-05:00,15491.563958097524
2025-02-04 12:40:00-05:00,15493.066616889366
2025-02-04 12:45:00-05:00,15496.36307387247
2025-02-04 12:50:00-05:00,15500.591865329021
2025-02-04 12:55:00-05:00,15509.844921536065
2025-02-04 13:00:00-05:00,15502.486628277224
2025-02-04 13:05:00-05:00,15503.151329936909
2025-02-04 13:10:00-05:00,15506.081827450154
2025-02-04 13:15:00-05:00,15506.290124937204
2025-02-04 13:20:00-05:00,15506.827137894305
2025-02-04 13:25:00-05:00,15504.643663548117
2025-02-04 13:30:00-05:00,15503.752094973051
2025-02-04 13:35:00-05:00,15491.275709856714
2025-02-04 13:40:00-05:00,15496.59973101759
2025-02-04 13:45:00-05:00,15499.414486563624
2025-02-04 13:50:00-05:00,15499.512399471387
2025-02-04 13:55:00-05:00,15495.577510699592
2025-02-04 14:00:00-05:00,15509.583100559026
2025-02-04 14:05:00-05:00,15520.600985036637
2025-02-04 14:10:00-05:00,15528.360653363696
2025-02-04 14:15:00-05:00,15525.25557957161
2025-02-04 14:20:00-05:00,15530.619408072935
2025-02-04 14:25:00-05:00,15527.852616409114
2025-02-04 14:30:00-05:00,15535.133701947638
2025-02-04 14:35:00-05:00,15532.045850099605
2025-02-04 14:40:00-05:00,15535.934426785198
2025-02-04 14:45:00-05:00,15536.549692559553
2025-02-04 14:50:00-05:00,15537.816628064895
2025-02-04 14:55:00-05:00,15525.94900305557
2025-02-04 15:00:00-05:00,15530.032271001157
2025-02-04 15:05:00-05:00,15532.447313284843
2025-02-04 15:10:00-05:00,15535.300536052373
2025-02-04 15:15:00-05:00,15530.47606498622
2025-02-04 15:20:00-05:00,15515.63999352826
2025-02-04 15:25:00-05:00,15518.035987855477
2025-02-04 15:30:00-05:00,15524.646275050805
2025-02-04 15:35:00-05:00,15530.819863182833
2025-02-04 15:40:00-05:00,15522.691332299984
2025-02-04 15:45:00-05:00,15523.119575234788
2025-02-04 15:50:00-05:00,15527.828724193168
2025-02-04 15:55:00-05:00,15531.88474405857
2025-02-05 09:30:00-05:00,15538.932293747674
2025-02-05 09:35:00-05:00,15536.1754633588
2025-02-05 09:40:00-05:00,15529.355346363678
2025-02-05 09:45:00-05:00,15527.939413717699
2025-02-05 09:50:00-05:00,15520.037469284078
2025-02-05 09:55:00-05:00,15495.625446758148
2025-02-05 10:00:00-05:00,15458.226221555184
2025-02-05 10:05:00-05:00,15480.527292896712
2025-02-05 10:10:00-05:00,15495.86341078128
2025-02-05 10:15:00-05:00,15501.426728155146
2025-02-05 10:20:00-05:00,15526.549307476787
2025-02-05 10:25:00-05:00,15528.563198635537
2025-02-05 10:30:00-05:00,15520.766888986043
2025-02-05 10:35:00-05:00,15528.293336026325
2025-02-05 10:40:00-05:00,15527.311299727837
2025-02-05 10:45:00-05:00,15523.517272355262
2025-02-05 10:50:00-05:00,15525.19238008286
2025-02-05 10:55:00-05:00,15524.870621654827
2025-02-05 11:00:00-05:00,15521.56013602257
2025-02-05 11:05:00-05:00,15533.021530559336
2025-02-05 11:10:00-05:00,15528.035925377526
2025-02-05 11:15:00-05:00,15522.585803579143
2025-02-05 11:20:00-05:00,15527.396839492556
2025-02-05 11:25:00-05:00,15544.786736095535
2025-02-05 11:30:00-05:00,15544.68130202807
2025-02-05 11:35:00-05:00,15543.204627790408
2025-02-05 11:40:00-05:00,15544.012975173662
2025-02-05 11:45:00-05:00,15543.768592943265
2025-02-05 11:50:00-05:00,15560.823909271214
2025-02-05 11:55:00-05:00,15556.455111211777
2025-02-05 12:00:00-05:00,15555.218455697232
2025-02-05 12:05:00-05:00,15555.672969340078
2025-02-05 12:10:00-05:00,15556.790490071808
2025-02-05 12:15:00-05:00,15559.22440597417
2025-02-05 12:20:00-05:00,15550.800437544072
2025-02-05 12:25:00-05:00,15552.833317018754
2025-02-05 12:30:00-05:00,15555.377730284581
2025-02-05 12:35:00-05:00,15554.950412088047
2025-02-05 12:40:00-05:00,15553.922091377532
2025-02-05 12:45:00-05:00,15558.682893597312
2025-02-05 12:50:00-05:00,15558.056158852727
2025-02-05 12:55:00-05:00,15558.468632334652
2025-02-05 13:00:00-05:00,15561.9641160081
2025-02-05 13:05:00-05:00,15560.639558151557
2025-02-05 13:10:00-05:00,15566.542490785032
2025-02-05 13:15:00-05:00,15568.688600482734
2025-02-05 13:20:00-05:00,15566.796996239858
2025-02-05 13:25:00-05:00,15566.256941166002
2025-02-05 13:30:00-05:00,15578.365444369918
2025-02-05 13:35:00-05:00,15585.293991538947
2025-02-05 13:40:00-05:00,15590.474068728063
2025-02-05 13:45:00-05:00,15593.988113768144
2025-02-05 13:50:00-05:00,15592.449412882082
2025-02-05 13:55:00-05:00,15586.119329521782
2025-02-05 14:00:00-05:00,15594.864231828873
2025-02-05 14:05:00-05:00,15605.796950243719
2025-02-05 14:10:00-05:00,15605.700786905707
2025-02-05 14:15:00-05:00,15604.710691680153
2025-02-05 14:20:00-05:00,15607.221263485151
2025-02-05 14:25:00-05:00,15605.846335322485
2025-02-05 14:30:00-05:00,15601.443267740693
2025-02-05 14:35:00-05:00,15603.535009144838
2025-02-05 14:40:00-05:00,15599.810427188915
2025-02-05 14:45:00-05:00,15595.958723418247
2025-02-05 14:50:00-05:00,15590.255841734279
2025-02-05 14:55:00-05:00,15590.213691521725
2025-02-05 15:00:00-05:00,15595.936098636754
2025-02-05 15:05:00-05:00,15600.609358030637
2025-02-05 15:10:00-05:00,15608.094783610131
2025-02-05 15:15:00-05:00,15606.558594005768
2025-02-05 15:20:00-05:00,15618.183368685653
2025-02-05 15:25:00-05:00,15603.908546844606
2025-02-05 15:30:00-05:00,15608.646461062726
2025-02-05 15:35:00-05:00,15611.41008653757
2025-02-05 15:40:00-05:00,15604.875224906582
2025-02-05 15:45:00-05:00,15598.446400719558
2025-02-05 15:50:00-05:00,15602.056398372812
2025-02-05 15:55:00-05:00,15609.397911974558
2025-02-06 09:30:00-05:00,15627.91259645876
2025-02-06 09:35:00-05:00,15610.978222746451
2025-02-06 09:40:00-05:00,15614.191612202752
2025-02-06 09:45:00-05:00,15607.109642867552
2025-02-06 09:50:00-05:00,15592.02790106847
2025-02-06 09:55:00-05:00,15592.813419294218
2025-02-06 10:00:00-05:00,15586.272995008698
2025-02-06 10:05:00-05:00,15587.297506689274
2025-02-06 10:10:00-05:00,15585.103443183945
2025-02-06 10:15:00-05:00,15570.873627796112
2025-02-06 10:20:00-05:00,15569.094348697172
2025-02-06 10:25:00-05:00,15563.257619574038
2025-02-06 10:30:00-05:00,15556.445935754151
2025-02-06 10:35:00-05:00,15551.59864784847
2025-02-06 10:40:00-05:00,15550.856102452464
2025-02-06 10:45:00-05:00,15545.487322734158
2025-02-06 10:50:00-05:00,15553.273830035689
2025-02-06 10:55:00-05:00,15542.851550921616
2025-02-06 11:00:00-05:00,15549.207073892734
2025-02-06 11:05:00-05:00,15555.851806194463
2025-02-06 11:10:00-05:00,15559.951371318439
2025-02-06 11:15:00-05:00,15569.999379604165
2025-02-06 11:20:00-05:00,15564.397418799934
2025-02-06 11:25:00-05:00,15556.382172266385
2025-02-06 11:30:00-05:00,15553.110401398833
2025-02-06 11:35:00-05:00,15544.612037119883
2025-02-06 11:40:00-05:00,15542.436001273414
2025-02-06 11:45:00-05:00,15545.486179300791
2025-02-06 11:50:00-05:00,15547.115560305427
2025-02-06 11:55:00-05:00,15540.179191014126
2025-02-06 12:00:00-05:00,15545.607451524738
2025-02-06 12:05:00-05:00,15541.530792742089
2025-02-06 12:10:00-05:00,15531.763262151278
2025-02-06 12:15:00-05:00,15545.716128053631
2025-02-06 12:20:00-05:00,15547.983816740167
2025-02-06 12:25:00-05:00,15545.78515117343
2025-02-06 12:30:00-05:00,15542.120802156383
2025-02-06 12:35:00-05:00,15547.611760534644
2025-02-06 12:40:00-05:00,15548.847297187218
2025-02-06 12:45:00-05:00,15553.049687422754
2025-02-06 12:50:00-05:00,15555.99684067296
2025-02-06 12:55:00-05:00,15556.531695924738
2025-02-06 13:00:00-05:00,15552.564224283216
2025-02-06 13:05:00-05:00,15535.786481693818
2025-02-06 13:10:00-05:00,15534.563955344094
2025-02-06 13:15:00-05:00,15544.659492222803
2025-02-06 13:20:00-05:00,15539.126043064303
2025-02-06 13:25:00-05:00,15533.499460215377
2025-02-06 13:30:00-05:00,15531.819811224283
2025-02-06 13:35:00-05:00,15526.594685731436
2025-02-06 13:40:00-05:00,15531.667205940781
2025-02-06 13:45:00-05:00,15527.023301689982
2025-02-06 13:50:00-05:00,15523.614519580544
2025-02-06 13:55:00-05:00,15522.92141928019
2025-02-06 14:00:00-05:00,15530.705970947576
2025-02-06 14:05:00-05:00,15532.834369539376
2025-02-06 14:10:00-05:00,15530.855073448723
2025-02-06 14:15:00-05:00,15530.393148887792
2025-02-06 14:20:00-05:00,15526.923690116886
2025-02-06 14:25:00-05:00,15512.982830146519
2025-02-06 14:30:00-05:00,15484.480537573985
2025-02-06 14:35:00-05:00,15494.281979145115
2025-02-06 14:40:00-05:00,15492.047984467625
2025-02-06 14:45:00-05:00,15508.351180481854
2025-02-06 14:50:00-05:00,15512.654667179211
2025-02-06 14:55:00-05:00,15502.322476520489
2025-02-06 15:00:00-05:00,15504.642592061458
2025-02-06 15:05:00-05:00,15509.21135615622
2025-02-06 15:10:00-05:00,15515.019685557452
2025-02-06 15:15:00-05:00,15517.30822706643
2025-02-06 15:20:00-05:00,15522.487939266985
2025-02-06 15:25:00-05:00,15519.766520775236
2025-02-06 15:30:00-05:00,15515.02623723456
2025-02-06 15:35:00-05:00,15515.962394900434
2025-02-06 15:40:00-05:00,15518.753175201075
2025-02-06 15:45:00-05:00,15526.19242948657
2025-02-06 15:50:00-05:00,15534.419245118042
2025-02-06 15:55:00-05:00,15535.003084490845
2025-02-07 09:30:00-05:00,15527.763461130888
2025-02-07 09:35:00-05:00,15520.250769447788
2025-02-07 09:40:00-05:00,15535.57769886739
2025-02-07 09:45:00-05:00,15534.49840822597
2025-02-07 09:50:00-05:00,15542.224646194074
2025-02-07 09:55:00-05:00,15559.181754765448
2025-02-07 10:00:00-05:00,15500.84353954096
2025-02-07 10:05:00-05:00,15510.00340406148
2025-02-07 10:10:00-05:00,15491.70709940465
2025-02-07 10:15:00-05:00,15497.92392167476
2025-02-07 10:20:00-05:00,15502.72562719445
2025-02-07 10:25:00-05:00,15489.33629035774
2025-02-07 10:30:00-05:00,15498.613690345153
2025-02-07 10:35:00-05:00,15499.695754115746
2025-02-07 10:40:00-05:00,15491.092314520703
2025-02-07 10:45:00-05:00,15493.194930083931
2025-02-07 10:50:00-05:00,15430.795056937419
2025-02-07 10:55:00-05:00,15460.420092915498
2025-02-07 11:00:00-05:00,15441.05470020838
2025-02-07 11:05:00-05:00,15467.289200879533
2025-02-07 11:10:00-05:00,15456.060911436232
2025-02-07 11:15:00-05:00,15483.51194920777
2025-02-07 11:20:00-05:00,15460.959707436903
2025-02-07 11:25:00-05:00,15437.404052896185
2025-02-07 11:30:00-05:00,15457.609286427889
2025-02-07 11:35:00-05:00,15449.84805684689
2025-02-07 11:40:00-05:00,15444.57105808554
2025-02-07 11:45:00-05:00,15445.965885876636
2025-02-07 11:50:00-05:00,15440.21729334706
2025-02-07 11:55:00-05:00,15436.057027683852
2025-02-07 12:00:00-05:00,15435.990614447324
2025-02-07 12:05:00-05:00,15458.787074846208
2025-02-07 12:10:00-05:00,15457.045665173478
2025-02-07 12:15:00-05:00,15436.08586689957
2025-02-07 12:20:00-05:00,15433.536351546429
2025-02-07 12:25:00-05:00,15436.566569872748
2025-02-07 12:30:00-05:00,15433.360567576581
2025-02-07 12:35:00-05:00,15440.180082618293
2025-02-07 12:40:00-05:00,15439.487073063778
2025-02-07 12:45:00-05:00,15442.6811788872
2025-02-07 12:50:00-05:00,15439.528653858733
2025-02-07 12:55:00-05:00,15431.95624488818
2025-02-07 13:00:00-05:00,15441.165775948983
2025-02-07 13:05:00-05:00,15453.220572029835
2025-02-07 13:10:00-05:00,15455.856330493187
2025-02-07 13:15:00-05:00,15456.22721031378
2025-02-07 13:20:00-05:00,15447.02495073306
2025-02-07 13:25:00-05:00,15443.342378630523
2025-02-07 13:30:00-05:00,15448.373487278728
2025-02-07 13:35:00-05:00,15450.597901968194
2025-02-07 13:40:00-05:00,15427.953823096941
2025-02-07 13:45:00-05:00,15427.0031510056
2025-02-07 13:50:00-05:00,15415.889977928018
2025-02-07 13:55:00-05:00,15404.137037018218
2025-02-07 14:00:00-05:00,15412.044255130033
2025-02-07 14:05:00-05:00,15407.753588274054
2025-02-07 14:10:00-05:00,15397.049262427969
2025-02-07 14:15:00-05:00,15400.54558193928
2025-02-07 14:20:00-05:00,15396.472327567593
2025-02-07 14:25:00-05:00,15394.1735716933
2025-02-07 14:30:00-05:00,15402.156227083198
2025-02-07 14:35:00-05:00,15404.674608334537
2025-02-07 14:40:00-05:00,15408.468002941157
2025-02-07 14:45:00-05:00,15408.98267771672
2025-02-07 14:50:00-05:00,15400.910984492299
2025-02-07 14:55:00-05:00,15394.754719711646
2025-02-07 15:00:00-05:00,15386.022818885993
2025-02-07 15:05:00-05:00,15390.031042252052
2025-02-07 15:10:00-05:00,15382.071292756587
2025-02-07 15:15:00-05:00,15381.285119093833
2025-02-07 15:20:00-05:00,15378.274504043982
2025-02-07 15:25:00-05:00,15375.38580081574
2025-02-07 15:30:00-05:00,15387.574622877482
2025-02-07 15:35:00-05:00,15382.137126358097
2025-02-07 15:40:00-05:00,15378.499830635794
2025-02-07 15:45:00-05:00,15381.871669904365
2025-02-07 15:50:00-05:00,15376.304803907426
2025-02-07 15:55:00-05:00,16373.652407118763
2025-02-10 09:30:00-05:00,16439.73320445644
2025-02-10 09:35:00-05:00,16404.003051686246
2025-02-10 09:40:00-05:00,16397.051700909444
2025-02-10 09:45:00-05:00,16404.287186720983
2025-02-10 09:50:00-05:00,16410.013883332413
2025-02-10 09:55:00-05:00,16416.798124657482
2025-02-10 10:00:00-05:00,16427.463686652813
2025-02-10 10:05:00-05:00,16431.7616395527
2025-02-10 10:10:00-05:00,16422.361107797453
2025-02-10 10:15:00-05:00,16422.41538220093
2025-02-10 10:20:00-05:00,16422.77646998578
2025-02-10 10:25:00-05:00,16429.926760483904
2025-02-10 10:30:00-05:00,16426.433862615944
2025-02-10 10:35:00-05:00,16413.530719775925
2025-02-10 10:40:00-05:00,16417.16985782136
2025-02-10 10:45:00-05:00,16428.485205038338
2025-02-10 10:50:00-05:00,16431.932852440932
2025-02-10 10:55:00-05:00,16424.36965156103
2025-02-10 11:00:00-05:00,16416.786147303166
2025-02-10 11:05:00-05:00,16419.204280592923
2025-02-10 11:10:00-05:00,16411.69655895521
2025-02-10 11:15:00-05:00,16403.96195217274
2025-02-10 11:20:00-05:00,16403.15672483404
2025-02-10 11:25:00-05:00,16409.23542917352
2025-02-10 11:30:00-05:00,16394.759114766137
2025-02-10 11:35:00-05:00,16403.912813354178
2025-02-10 11:40:00-05:00,16407.637053048955
2025-02-10 11:45:00-05:00,16406.430118739343
2025-02-10 11:50:00-05:00,16414.34274968452
2025-02-10 11:55:00-05:00,16408.504170251577
2025-02-10 12:00:00-05:00,16402.013676968083
2025-02-10 12:05:00-05:00,16395.81498922172
2025-02-10 12:10:00-05:00,16380.23086482256
2025-02-10 12:15:00-05:00,16387.058810677587
2025-02-10 12:20:00-05:00,16395.695737801605
2025-02-10 12:25:00-05:00,16389.381632193326
2025-02-10 12:30:00-05:00,16396.97021802239
2025-02-10 12:35:00-05:00,16402.164926732483
2025-02-10 12:40:00-05:00,16402.917871100693
2025-02-10 12:45:00-05:00,16398.095585765495
2025-02-10 12:50:00-05:00,16405.700439627202
2025-02-10 12:55:00-05:00,16407.865759213626
2025-02-10 13:00:00-05:00,16415.79092649466
2025-02-10 13:05:00-05:00,16419.13933441335
2025-02-10 13:10:00-05:00,16424.03273425061
2025-02-10 13:15:00-05:00,16418.953711618055
2025-02-10 13:20:00-05:00,16420.695669879788
2025-02-10 13:25:00-05:00,16415.957118101363
2025-02-10 13:30:00-05:00,16412.135831439824
2025-02-10 13:35:00-05:00,16415.49440181735
2025-02-10 13:40:00-05:00,16423.58968260278
2025-02-10 13:45:00-05:00,16425.109714345163
2025-02-10 13:50:00-05:00,16429.329479522858
2025-02-10 13:55:00-05:00,16425.61897383891
2025-02-10 14:00:00-05:00,16424.183314978596
2025-02-10 14:05:00-05:00,16431.163388723424
2025-02-10 14:10:00-05:00,16436.351332121307
2025-02-10 14:15:00-05:00,16430.320164138768
2025-02-10 14:20:00-05:00,16436.037216136232
2025-02-10 14:25:00-05:00,16432.70187867089
2025-02-10 14:30:00-05:00,16430.844782669235
2025-02-10 14:35:00-05:00,16428.404053569677
2025-02-10 14:40:00-05:00,16428.75049069472
2025-02-10 14:45:00-05:00,16427.64140848725
2025-02-10 14:50:00-05:00,16429.114698693524
2025-02-10 14:55:00-05:00,16423.635231468168
2025-02-10 15:00:00-05:00,16424.668247326656
2025-02-10 15:05:00-05:00,16425.532575232846
2025-02-10 15:10:00-05:00,16424.368592836443
2025-02-10 15:15:00-05:00,16424.589547652075
2025-02-10 15:20:00-05:00,16420.266098852404
2025-02-10 15:25:00-05:00,16417.851001907475
2025-02-10 15:30:00-05:00,16420.5461433098
2025-02-10 15:35:00-05:00,16424.35037391858
2025-02-10 15:40:00-05:00,16433.706552961394
2025-02-10 15:45:00-05:00,16432.65466622129
2025-02-10 15:50:00-05:00,16420.878168178708
2025-02-10 15:55:00-05:00,16438.660110041765
2025-02-11 09:30:00-05:00,16423.18455599178
2025-02-11 09:35:00-05:00,16422.83980550405
2025-02-11 09:40:00-05:00,16424.473603599792
2025-02-11 09:45:00-05:00,16424.747621266713
2025-02-11 09:50:00-05:00,16429.315189575475
2025-02-11 09:55:00-05:00,16428.946806664768
2025-02-11 10:00:00-05:00,16419.64291661902
2025-02-11 10:05:00-05:00,16419.748292631128
2025-02-11 10:10:00-05:00,16417.793811141833
2025-02-11 10:15:00-05:00,16423.885062960566
2025-02-11 10:20:00-05:00,16428.488422479557
2025-02-11 10:25:00-05:00,16440.909436008173
2025-02-11 10:30:00-05:00,16434.325663173055
2025-02-11 10:35:00-05:00,16451.613336834875
2025-02-11 10:40:00-05:00,16452.324467319533
2025-02-11 10:45:00-05:00,16462.060347812723
2025-02-11 10:50:00-05:00,16470.343490052543
2025-02-11 10:55:00-05:00,16470.095582650403
2025-02-11 11:00:00-05:00,16474.54284380911
2025-02-11 11:05:00-05:00,16476.03793024052
2025-02-11 11:10:00-05:00,16476.70660832986
2025-02-11 11:15:00-05:00,16479.862557691613
2025-02-11 11:20:00-05:00,16475.51105096369
2025-02-11 11:25:00-05:00,16470.2637061213
2025-02-11 11:30:00-05:00,16473.82293720046
2025-02-11 11:35:00-05:00,16478.37146543824
2025-02-11 11:40:00-05:00,16481.483515771193
2025-02-11 11:45:00-05:00,16479.04799786295
2025-02-11 11:50:00-05:00,16476.342395950127
2025-02-11 11:55:00-05:00,16483.93951544327
2025-02-11 12:00:00-05:00,16486.715755393696
2025-02-11 12:05:00-05:00,16482.948816915225
2025-02-11 12:10:00-05:00,16474.914082267594
2025-02-11 12:15:00-05:00,16484.366742340168
2025-02-11 12:20:00-05:00,16485.608450618045
2025-02-11 12:25:00-05:00,16489.68370018651
2025-02-11 12:30:00-05:00,16485.97738103854
2025-02-11 12:35:00-05:00,16485.521789665916
2025-02-11 12:40:00-05:00,16486.938173066497
2025-02-11 12:45:00-05:00,16480.969362360167
2025-02-11 12:50:00-05:00,16478.81744039017
2025-02-11 12:55:00-05:00,16478.735063339376
2025-02-11 13:00:00-05:00,16473.097930792424
2025-02-11 13:05:00-05:00,16480.11984887038
2025-02-11 13:10:00-05:00,16482.632031684694
2025-02-11 13:15:00-05:00,16483.66468275279
2025-02-11 13:20:00-05:00,16480.796892484268
2025-02-11 13:25:00-05:00,16478.035494991433
2025-02-11 13:30:00-05:00,16485.52257858308
2025-02-11 13:35:00-05:00,16491.842886854625
2025-02-11 13:40:00-05:00,16495.855640394
2025-02-11 13:45:00-05:00,16496.466289014003
2025-02-11 13:50:00-05:00,16485.109122177102
2025-02-11 13:55:00-05:00,16480.40911917195
2025-02-11 14:00:00-05:00,16480.410701981316
2025-02-11 14:05:00-05:00,16481.8178607271
2025-02-11 14:10:00-05:00,16482.259506087372
2025-02-11 14:15:00-05:00,16481.70783312434
2025-02-11 14:20:00-05:00,16488.613644099958
2025-02-11 14:25:00-05:00,16491.446637838053
2025-02-11 14:30:00-05:00,16494.308656163284
2025-02-11 14:35:00-05:00,16504.54961435313
2025-02-11 14:40:00-05:00,16524.837288035218
2025-02-11 14:45:00-05:00,16516.459098581614
2025-02-11 14:50:00-05:00,16515.474213555666
2025-02-11 14:55:00-05:00,16513.065619882826
2025-02-11 15:00:00-05:00,16515.662058695805
2025-02-11 15:05:00-05:00,16513.290474152775
2025-02-11 15:10:00-05:00,16517.37765572618
2025-02-11 15:15:00-05:00,16515.46763062306
2025-02-11 15:20:00-05:00,16510.12083188873
2025-02-11 15:25:00-05:00,16515.542896345552
2025-02-11 15:30:00-05:00,16525.840987496766
2025-02-11 15:35:00-05:00,16516.581979590905
2025-02-11 15:40:00-05:00,16513.941422701166
2025-02-11 15:45:00-05:00,16511.451587429412
2025-02-11 15:50:00-05:00,16511.440257145492
2025-02-11 15:55:00-05:00,16520.728587473794
2025-02-12 09:30:00-05:00,16381.149515129178
2025-02-12 09:35:00-05:00,16374.017330745715
2025-02-12 09:40:00-05:00,16368.424979260466
2025-02-12 09:45:00-05:00,16390.792709105157
2025-02-12 09:50:00-05:00,16400.435008595978
2025-02-12 09:55:00-05:00,16400.11443061862
2025-02-12 10:00:00-05:00,16373.583961779532
2025-02-12 10:05:00-05:00,16389.373609649574
2025-02-12 10:10:00-05:00,16384.190733154825
2025-02-12 10:15:00-05:00,16405.372426700225
2025-02-12 10:20:00-05:00,16412.896814160475
2025-02-12 10:25:00-05:00,16409.622884194778
2025-02-12 10:30:00-05:00,16419.52951148416
2025-02-12 10:35:00-05:00,16436.86430725203
2025-02-12 10:40:00-05:00,16442.903392779965
2025-02-12 10:45:00-05:00,16438.34970864893
2025-02-12 10:50:00-05:00,16440.99475195571
2025-02-12 10:55:00-05:00,16445.481262359604
2025-02-12 11:00:00-05:00,16432.523468412637
2025-02-12 11:05:00-05:00,16421.29316523449
2025-02-12 11:10:00-05:00,16407.20127113844
2025-02-12 11:15:00-05:00,16400.41354688304
2025-02-12 11:20:00-05:00,16393.94330369786
2025-02-12 11:25:00-05:00,16396.148636191305
2025-02-12 11:30:00-05:00,16400.76030013384
2025-02-12 11:35:00-05:00,16410.334951168214
2025-02-12 11:40:00-05:00,16427.708350093224
2025-02-12 11:45:00-05:00,16429.59847159483
2025-02-12 11:50:00-05:00,16447.971085824855
2025-02-12 11:55:00-05:00,16469.552081781316
2025-02-12 12:00:00-05:00,16466.51208153715
2025-02-12 12:05:00-05:00,16461.623463081643
2025-02-12 12:10:00-05:00,16479.7072549461
2025-02-12 12:15:00-05:00,16478.898460781915
2025-02-12 12:20:00-05:00,16482.269424662827
2025-02-12 12:25:00-05:00,16482.608787178284
2025-02-12 12:30:00-05:00,16479.272476599446
2025-02-12 12:35:00-05:00,16473.93448826005
2025-02-12 12:40:00-05:00,16470.32319295874
2025-02-12 12:45:00-05:00,16486.16588038126
2025-02-12 12:50:00-05:00,16490.173664663853
2025-02-12 12:55:00-05:00,16494.489402411633
2025-02-12 13:00:00-05:00,16487.203632821478
2025-02-12 13:05:00-05:00,16482.870139312075
2025-02-12 13:10:00-05:00,16487.382576367727
2025-02-12 13:15:00-05:00,16477.521037384213
2025-02-12 13:20:00-05:00,16474.248889255785
2025-02-12 13:25:00-05:00,16469.625630361348
2025-02-12 13:30:00-05:00,16470.85893056419
2025-02-12 13:35:00-05:00,16474.916898361877
2025-02-12 13:40:00-05:00,16457.037152627032
2025-02-12 13:45:00-05:00,16461.81457992856
2025-02-12 13:50:00-05:00,16467.86016475072
2025-02-12 13:55:00-05:00,16464.508116335495
2025-02-12 14:00:00-05:00,16461.17386393283
2025-02-12 14:05:00-05:00,16465.19167042309
2025-02-12 14:10:00-05:00,16459.78064760623
2025-02-12 14:15:00-05:00,16456.240969844534
2025-02-12 14:20:00-05:00,16465.233007139606
2025-02-12 14:25:00-05:00,16464.02499229013
2025-02-12 14:30:00-05:00,16472.209552233362
2025-02-12 14:35:00-05:00,16474.057270743353
2025-02-12 14:40:00-05:00,16472.083026772234
2025-02-12 14:45:00-05:00,16485.51819227067
2025-02-12 14:50:00-05:00,16484.658875303146
2025-02-12 14:55:00-05:00,16478.165120993053
2025-02-12 15:00:00-05:00,16477.508621631845
2025-02-12 15:05:00-05:00,16477.444416797858
2025-02-12 15:10:00-05:00,16471.244020341866
2025-02-12 15:15:00-05:00,16461.8240566754
2025-02-12 15:20:00-05:00,16463.720876733805
2025-02-12 15:25:00-05:00,16454.885174491174
2025-02-12 15:30:00-05:00,16461.6320452211
2025-02-12 15:35:00-05:00,16458.69264438338
2025-02-12 15:40:00-05:00,16453.05534249662
2025-02-12 15:45:00-05:00,16456.81478337029
2025-02-12 15:50:00-05:00,16463.963250708606
2025-02-12 15:55:00-05:00,16474.737889653647
2025-02-13 09:30:00-05:00,16506.7921687578
2025-02-13 09:35:00-05:00,16504.8316879378
2025-02-13 09:40:00-05:00,16510.095470278677
2025-02-13 09:45:00-05:00,16491.689049554752
2025-02-13 09:50:00-05:00,16488.90418495669
2025-02-13 09:55:00-05:00,16486.700742649708
2025-02-13 10:00:00-05:00,16490.93067565777
2025-02-13 10:05:00-05:00,16492.686718873374
2025-02-13 10:10:00-05:00,16495.591959194815
2025-02-13 10:15:00-05:00,16513.396429858836
2025-02-13 10:20:00-05:00,16517.573618856008
2025-02-13 10:25:00-05:00,16517.765422359356
2025-02-13 10:30:00-05:00,16521.49726914274
2025-02-13 10:35:00-05:00,16518.32497761192
2025-02-13 10:40:00-05:00,16517.820864008074
2025-02-13 10:45:00-05:00,16516.30800520646
2025-02-13 10:50:00-05:00,16508.820615305525
2025-02-13 10:55:00-05:00,16511.97431915135
2025-02-13 11:00:00-05:00,16518.576799970517
2025-02-13 11:05:00-05:00,16535.579590435795
2025-02-13 11:10:00-05:00,16540.54973961262
2025-02-13 11:15:00-05:00,16538.807480611853
2025-02-13 11:20:00-05:00,16543.9504944726
2025-02-13 11:25:00-05:00,16526.714129868447
2025-02-13 11:30:00-05:00,16532.671457109114
2025-02-13 11:35:00-05:00,16533.346585575542
2025-02-13 11:40:00-05:00,16536.181416740368
2025-02-13 11:45:00-05:00,16532.351479723788
2025-02-13 11:50:00-05:00,16525.724096605027
2025-02-13 11:55:00-05:00,16524.39653328862
2025-02-13 12:00:00-05:00,16530.998327288144
2025-02-13 12:05:00-05:00,16529.44354259383
2025-02-13 12:10:00-05:00,16525.45776210906
2025-02-13 12:15:00-05:00,16530.361127520704
2025-02-13 12:20:00-05:00,16538.309470837983
2025-02-13 12:25:00-05:00,16543.989059793126
2025-02-13 12:30:00-05:00,16544.88320531616
2025-02-13 12:35:00-05:00,16543.38339800902
2025-02-13 12:40:00-05:00,16538.19286372845
2025-02-13 12:45:00-05:00,16542.517358071404
2025-02-13 12:50:00-05:00,16538.176192289022
2025-02-13 12:55:00-05:00,16525.498320916886
2025-02-13 13:00:00-05:00,16518.5764849563
2025-02-13 13:05:00-05:00,16520.872673203143
2025-02-13 13:10:00-05:00,16529.782280046493
2025-02-13 13:15:00-05:00,16520.780547308692
2025-02-13 13:20:00-05:00,16532.62796106503
2025-02-13 13:25:00-05:00,16542.300041352326
2025-02-13 13:30:00-05:00,16543.01174991139
2025-02-13 13:35:00-05:00,16555.321637318728
2025-02-13 13:40:00-05:00,16541.84561528038
2025-02-13 13:45:00-05:00,16553.306089617992
2025-02-13 13:50:00-05:00,16552.711430633102
2025-02-13 13:55:00-05:00,16569.578031235033
2025-02-13 14:00:00-05:00,16589.980811923502
2025-02-13 14:05:00-05:00,16600.377606606857
2025-02-13 14:10:00-05:00,16605.183079724415
2025-02-13 14:15:00-05:00,16616.33294642155
2025-02-13 14:20:00-05:00,16612.605262569916
2025-02-13 14:25:00-05:00,16612.583239645286
2025-02-13 14:30:00-05:00,16617.957314942592
2025-02-13 14:35:00-05:00,16623.295248545386
2025-02-13 14:40:00-05:00,16615.183700005142
2025-02-13 14:45:00-05:00,16611.019327969796
2025-02-13 14:50:00-05:00,16619.201837413882
2025-02-13 14:55:00-05:00,16609.620835537226
2025-02-13 15:00:00-05:00,16615.94492626912
2025-02-13 15:05:00-05:00,16614.542693501462
2025-02-13 15:10:00-05:00,16615.20802149441
2025-02-13 15:15:00-05:00,16628.050675089515
2025-02-13 15:20:00-05:00,16616.99731191577
2025-02-13 15:25:00-05:00,16623.758889030523
2025-02-13 15:30:00-05:00,16618.188647384268
2025-02-13 15:35:00-05:00,16620.28293200272
2025-02-13 15:40:00-05:00,16609.747193623873
2025-02-13 15:45:00-05:00,16613.77702297377
2025-02-13 15:50:00-05:00,16603.081413205175
2025-02-13 15:55:00-05:00,16606.594925892732
2025-02-14 09:30:00-05:00,16578.47697735908
2025-02-14 09:35:00-05:00,16584.815628843986
2025-02-14 09:40:00-05:00,16581.142445916706
2025-02-14 09:45:00-05:00,16578.01535370866
2025-02-14 09:50:00-05:00,16575.18206826922
2025-02-14 09:55:00-05:00,16579.34561012712
2025-02-14 10:00:00-05:00,16584.62225642662
2025-02-14 10:05:00-05:00,16594.101179928446
2025-02-14 10:10:00-05:00,16575.77022407695
2025-02-14 10:15:00-05:00,16569.35551621533
2025-02-14 10:20:00-05:00,16559.842604995916
2025-02-14 10:25:00-05:00,16549.62117177995
2025-02-14 10:30:00-05:00,16557.561249646522
2025-02-14 10:35:00-05:00,16558.89059258534
2025-02-14 10:40:00-05:00,16562.151339960736
2025-02-14 10:45:00-05:00,16571.864345825958
2025-02-14 10:50:00-05:00,16567.22521553961
2025-02-14 10:55:00-05:00,16565.802301521475
2025-02-14 11:00:00-05:00,16574.39735694529
2025-02-14 11:05:00-05:00,16585.180081984956
2025-02-14 11:10:00-05:00,16573.329515503818
2025-02-14 11:15:00-05:00,16557.926585234265
2025-02-14 11:20:00-05:00,16555.0875076834
2025-02-14 11:25:00-05:00,16559.567796436088
2025-02-14 11:30:00-05:00,16562.315648957185
2025-02-14 11:35:00-05:00,16558.736154518836
2025-02-14 11:40:00-05:00,16564.034387616717
2025-02-14 11:45:00-05:00,16556.73974966094
2025-02-14 11:50:00-05:00,16563.133239668565
2025-02-14 11:55:00-05:00,16570.821852784913
2025-02-14 12:00:00-05:00,16565.126329771592
2025-02-14 12:05:00-05:00,16554.988955479996
2025-02-14 12:10:00-05:00,16555.401875366708
2025-02-14 12:15:00-05:00,16554.862070950185
2025-02-14 12:20:00-05:00,16551.227280503186
2025-02-14 12:25:00-05:00,16548.967434266237
2025-02-14 12:30:00-05:00,16552.8645953032
2025-02-14 12:35:00-05:00,16548.654676221166
2025-02-14 12:40:00-05:00,16547.398664844102
2025-02-14 12:45:00-05:00,16552.888112320736
2025-02-14 12:50:00-05:00,16552.364304837163
2025-02-14 12:55:00-05:00,16551.632123472886
2025-02-14 13:00:00-05:00,16552.362986948938
2025-02-14 13:05:00-05:00,16548.87633796237
2025-02-14 13:10:00-05:00,16547.1800212605
2025-02-14 13:15:00-05:00,16552.526081677333
2025-02-14 13:20:00-05:00,16554.993776959134
2025-02-14 13:25:00-05:00,16552.888776414453
2025-02-14 13:30:00-05:00,16560.07915399771
2025-02-14 13:35:00-05:00,16561.606648520086
2025-02-14 13:40:00-05:00,16561.604285634887
2025-02-14 13:45:00-05:00,16567.95972824297
2025-02-14 13:50:00-05:00,16562.7488654958
2025-02-14 13:55:00-05:00,16562.3434385194
2025-02-14 14:00:00-05:00,16562.071503878473
2025-02-14 14:05:00-05:00,16559.418626260554
2025-02-14 14:10:00-05:00,16563.534006479178
2025-02-14 14:15:00-05:00,16556.653798067793
2025-02-14 14:20:00-05:00,16553.96492465316
2025-02-14 14:25:00-05:00,16546.66891036064
2025-02-14 14:30:00-05:00,16546.757423088664
2025-02-14 14:35:00-05:00,16545.306304486865
2025-02-14 14:40:00-05:00,16548.100589292488
2025-02-14 14:45:00-05:00,16546.6893877741
2025-02-14 14:50:00-05:00,16546.54392644985
2025-02-14 14:55:00-05:00,16545.96133421695
2025-02-14 15:00:00-05:00,16541.57843023127
2025-02-14 15:05:00-05:00,16540.339763907043
2025-02-14 15:10:00-05:00,16536.609715557443
2025-02-14 15:15:00-05:00,16537.547967668164
2025-02-14 15:20:00-05:00,16528.722069831787
2025-02-14 15:25:00-05:00,16520.387387386043
2025-02-14 15:30:00-05:00,16524.676961441095
2025-02-14 15:35:00-05:00,16525.89023147275
2025-02-14 15:40:00-05:00,16515.57947719362
2025-02-14 15:45:00-05:00,16513.7248277204
2025-02-14 15:50:00-05:00,16525.820901681578
2025-02-14 15:55:00-05:00,17523.754348316535
2025-02-18 09:30:00-05:00,17507.33121360088
2025-02-18 09:35:00-05:00,17523.816990276628
2025-02-18 09:40:00-05:00,17500.90871999336
2025-02-18 09:45:00-05:00,17529.16997073745
2025-02-18 09:50:00-05:00,17513.2685257627
2025-02-18 09:55:00-05:00,17492.378859863686
2025-02-18 10:00:00-05:00,17505.636881999133
2025-02-18 10:05:00-05:00,17495.110826898548
2025-02-18 10:10:00-05:00,17498.340625531582
2025-02-18 10:15:00-05:00,17499.863887216074
2025-02-18 10:20:00-05:00,17509.20018885591
2025-02-18 10:25:00-05:00,17523.05011130618
2025-02-18 10:30:00-05:00,17525.813491064353
2025-02-18 10:35:00-05:00,17535.68908562858
2025-02-18 10:40:00-05:00,17536.882938865714
2025-02-18 10:45:00-05:00,17540.14870273546
2025-02-18 10:50:00-05:00,17549.72747460952
2025-02-18 10:55:00-05:00,17552.125878494848
2025-02-18 11:00:00-05:00,17543.32594581502
2025-02-18 11:05:00-05:00,17547.656638766442
2025-02-18 11:10:00-05:00,17536.647335209378
2025-02-18 11:15:00-05:00,17533.427693596732
2025-02-18 11:20:00-05:00,17522.665440174827
2025-02-18 11:25:00-05:00,17527.3002868275
2025-02-18 11:30:00-05:00,17531.240957781694
2025-02-18 11:35:00-05:00,17534.24082503211
2025-02-18 11:40:00-05:00,17529.608686351385
2025-02-18 11:45:00-05:00,17534.53776335828
2025-02-18 11:50:00-05:00,17537.43459522295
2025-02-18 11:55:00-05:00,17530.568286116853
2025-02-18 12:00:00-05:00,17529.125474043318
2025-02-18 12:05:00-05:00,17524.97846584044
2025-02-18 12:10:00-05:00,17529.531602664385
2025-02-18 12:15:00-05:00,17528.692580333638
2025-02-18 12:20:00-05:00,17525.16034872001
2025-02-18 12:25:00-05:00,17530.577308167984
2025-02-18 12:30:00-05:00,17533.68750673603
2025-02-18 12:35:00-05:00,17532.566730117436
2025-02-18 12:40:00-05:00,17532.823831551937
2025-02-18 12:45:00-05:00,17537.6563725957
2025-02-18 12:50:00-05:00,17543.10720663224
2025-02-18 12:55:00-05:00,17539.897250592985
2025-02-18 13:00:00-05:00,17547.313989746217
2025-02-18 13:05:00-05:00,17541.057322532375
2025-02-18 13:10:00-05:00,17541.358693732545
2025-02-18 13:15:00-05:00,17531.893441733788
2025-02-18 13:20:00-05:00,17535.347161476846
2025-02-18 13:25:00-05:00,17542.43473194327
2025-02-18 13:30:00-05:00,17540.83662934509
2025-02-18 13:35:00-05:00,17541.487282057344
2025-02-18 13:40:00-05:00,17538.046132557123
2025-02-18 13:45:00-05:00,17543.530945683116
2025-02-18 13:50:00-05:00,17540.478129311683
2025-02-18 13:55:00-05:00,17536.166303949467
2025-02-18 14:00:00-05:00,17536.632067267084
2025-02-18 14:05:00-05:00,17515.018683208247
2025-02-18 14:10:00-05:00,17513.263573376466
2025-02-18 14:15:00-05:00,17505.66751289464
2025-02-18 14:20:00-05:00,17521.861403032155
2025-02-18 14:25:00-05:00,17515.386405175577
2025-02-18 14:30:00-05:00,17522.743902701786
2025-02-18 14:35:00-05:00,17520.915803557014
2025-02-18 14:40:00-05:00,17528.295411541672
2025-02-18 14:45:00-05:00,17536.753314811507
2025-02-18 14:50:00-05:00,17543.186442410053
2025-02-18 14:55:00-05:00,17539.68123138437
2025-02-18 15:00:00-05:00,17536.566046802578
2025-02-18 15:05:00-05:00,17535.11763042369
2025-02-18 15:10:00-05:00,17544.33530385317
2025-02-18 15:15:00-05:00,17537.182053673157
2025-02-18 15:20:00-05:00,17543.47368535385
2025-02-18 15:25:00-05:00,17543.838351109232
2025-02-18 15:30:00-05:00,17552.446826227457
2025-02-18 15:35:00-05:00,17557.440603154766
2025-02-18 15:40:00-05:00,17556.148646001562
2025-02-18 15:45:00-05:00,17556.475016106928
2025-02-18 15:50:00-05:00,17560.406705487385
2025-02-18 15:55:00-05:00,17579.636143575968
2025-02-19 09:30:00-05:00,17544.20496987632
2025-02-19 09:35:00-05:00,17550.4891683396
2025-02-19 09:40:00-05:00,17561.123883710516
2025-02-19 09:45:00-05:00,17557.197811865757
2025-02-19 09:50:00-05:00,17554.428533390776
2025-02-19 09:55:00-05:00,17563.385305749285
2025-02-19 10:00:00-05:00,17570.104644564282
2025-02-19 10:05:00-05:00,17576.16627979864
2025-02-19 10:10:00-05:00,17579.16646457878
2025-02-19 10:15:00-05:00,17582.698593765876
2025-02-19 10:20:00-05:00,17583.59759371862
2025-02-19 10:25:00-05:00,17586.134945283844
2025-02-19 10:30:00-05:00,17594.193111785014
2025-02-19 10:35:00-05:00,17586.90908985107
2025-02-19 10:40:00-05:00,17584.77004903509
2025-02-19 10:45:00-05:00,17573.052657543005
2025-02-19 10:50:00-05:00,17580.52718443357
2025-02-19 10:55:00-05:00,17571.48887038829
2025-02-19 11:00:00-05:00,17583.297822736422
2025-02-19 11:05:00-05:00,17593.087987833995
2025-02-19 11:10:00-05:00,17605.80078346131
2025-02-19 11:15:00-05:00,17599.240113843756
2025-02-19 11:20:00-05:00,17589.21010558672
2025-02-19 11:25:00-05:00,17596.679826818283
2025-02-19 11:30:00-05:00,17598.741446890028
2025-02-19 11:35:00-05:00,17596.96672622657
2025-02-19 11:40:00-05:00,17605.133965860652
2025-02-19 11:45:00-05:00,17606.216105775402
2025-02-19 11:50:00-05:00,17608.702828394606
2025-02-19 11:55:00-05:00,17607.67327563164
2025-02-19 12:00:00-05:00,17607.701716051746
2025-02-19 12:05:00-05:00,17605.616622597132
2025-02-19 12:10:00-05:00,17603.23038305285
2025-02-19 12:15:00-05:00,17590.93206068179
2025-02-19 12:20:00-05:00,17582.36306402785
2025-02-19 12:25:00-05:00,17578.719865835348
2025-02-19 12:30:00-05:00,17579.6167392142
2025-02-19 12:35:00-05:00,17579.689814398058
2025-02-19 12:40:00-05:00,17577.12825238811
2025-02-19 12:45:00-05:00,17581.453936931808
2025-02-19 12:50:00-05:00,17583.935887588916
2025-02-19 12:55:00-05:00,17581.6053499879
2025-02-19 13:00:00-05:00,17577.472814527475
2025-02-19 13:05:00-05:00,17578.12608347663
2025-02-19 13:10:00-05:00,17562.067042693612
2025-02-19 13:15:00-05:00,17577.627781246567
2025-02-19 13:20:00-05:00,17574.766183914988
2025-02-19 13:25:00-05:00,17583.553231734582
2025-02-19 13:30:00-05:00,17588.389400159092
2025-02-19 13:35:00-05:00,17587.362068991566
2025-02-19 13:40:00-05:00,17590.89565759302
2025-02-19 13:45:00-05:00,17588.949235938297
2025-02-19 13:50:00-05:00,17588.940731448376
2025-02-19 13:55:00-05:00,17591.499942559938
2025-02-19 14:00:00-05:00,17591.221465924824
2025-02-19 14:05:00-05:00,17595.254090842645
2025-02-19 14:10:00-05:00,17624.198527065575
2025-02-19 14:15:00-05:00,17635.770774695076
2025-02-19 14:20:00-05:00,17646.96128974088
2025-02-19 14:25:00-05:00,17642.814941292425
2025-02-19 14:30:00-05:00,17641.04283357985
2025-02-19 14:35:00-05:00,17639.87562582286
2025-02-19 14:40:00-05:00,17636.94927124906
2025-02-19 14:45:00-05:00,17637.95784444667
2025-02-19 14:50:00-05:00,17641.7633133625
2025-02-19 14:55:00-05:00,17642.062678135404
2025-02-19 15:00:00-05:00,17640.561823608696
2025-02-19 15:05:00-05:00,17626.325210028335
2025-02-19 15:10:00-05:00,17633.603626353535
2025-02-19 15:15:00-05:00,17642.094172326444
2025-02-19 15:20:00-05:00,17646.070028741175
2025-02-19 15:25:00-05:00,17644.496263881192
2025-02-19 15:30:00-05:00,17655.31589858945
2025-02-19 15:35:00-05:00,17661.376391198355
2025-02-19 15:40:00-05:00,17656.200210468705
2025-02-19 15:45:00-05:00,17657.26287567768
2025-02-19 15:50:00-05:00,17657.516684006543
2025-02-19 15:55:00-05:00,17672.40683882118
2025-02-20 09:30:00-05:00,17600.01830575176
2025-02-20 09:35:00-05:00,17601.55076718331
2025-02-20 09:40:00-05:00,17570.26785889537
2025-02-20 09:45:00-05:00,17569.697210501097
2025-02-20 09:50:00-05:00,17567.980543820042
2025-02-20 09:55:00-05:00,17554.85128655454
2025-02-20 10:00:00-05:00,17533.101869407306
2025-02-20 10:05:00-05:00,17530.752049981333
2025-02-20 10:10:00-05:00,17541.03837674448
2025-02-20 10:15:00-05:00,17540.908830041233
2025-02-20 10:20:00-05:00,17534.45170501841
2025-02-20 10:25:00-05:00,17535.951794533117
2025-02-20 10:30:00-05:00,17538.02855342354
2025-02-20 10:35:00-05:00,17520.634240154668
2025-02-20 10:40:00-05:00,17516.64230220491
2025-02-20 10:45:00-05:00,17507.546638053922
2025-02-20 10:50:00-05:00,17498.035185611792
2025-02-20 10:55:00-05:00,17504.06989048335
2025-02-20 11:00:00-05:00,17493.078954197776
2025-02-20 11:05:00-05:00,17507.713984316855
2025-02-20 11:10:00-05:00,17510.789055555866
2025-02-20 11:15:00-05:00,17499.970184901158
2025-02-20 11:20:00-05:00,17502.23511531922
2025-02-20 11:25:00-05:00,17502.159412760386
2025-02-20 11:30:00-05:00,17482.797591932896
2025-02-20 11:35:00-05:00,17473.3541682049
2025-02-20 11:40:00-05:00,17481.4369351135
2025-02-20 11:45:00-05:00,17469.68032412237
2025-02-20 11:50:00-05:00,17469.935898907548
2025-02-20 11:55:00-05:00,17467.52666452619
2025-02-20 12:00:00-05:00,17471.00223780283
2025-02-20 12:05:00-05:00,17476.396530095528
2025-02-20 12:10:00-05:00,17485.302156744605
2025-02-20 12:15:00-05:00,17490.82703188182
2025-02-20 12:20:00-05:00,17495.785374304818
2025-02-20 12:25:00-05:00,17496.174262204775
2025-02-20 12:30:00-05:00,17499.31042432892
2025-02-20 12:35:00-05:00,17491.75123046414
2025-02-20 12:40:00-05:00,17500.846507454073
2025-02-20 12:45:00-05:00,17491.904664590635
2025-02-20 12:50:00-05:00,17487.841209420214
2025-02-20 12:55:00-05:00,17480.620791387868
2025-02-20 13:00:00-05:00,17472.817147577935
2025-02-20 13:05:00-05:00,17477.884949973046
2025-02-20 13:10:00-05:00,17486.907828131414
2025-02-20 13:15:00-05:00,17473.668963982793
2025-02-20 13:20:00-05:00,17465.878758474122
2025-02-20 13:25:00-05:00,17469.209529292064
2025-02-20 13:30:00-05:00,17483.439128547372
2025-02-20 13:35:00-05:00,17486.112798181013
2025-02-20 13:40:00-05:00,17496.275231529216
2025-02-20 13:45:00-05:00,17493.374637046778
2025-02-20 13:50:00-05:00,17490.72883558174
2025-02-20 13:55:00-05:00,17498.09647145121
2025-02-20 14:00:00-05:00,17500.60658649864
2025-02-20 14:05:00-05:00,17504.792882340305
2025-02-20 14:10:00-05:00,17510.27447025085
2025-02-20 14:15:00-05:00,17512.161008799318
2025-02-20 14:20:00-05:00,17512.44959834387
2025-02-20 14:25:00-05:00,17510.791157542688
2025-02-20 14:30:00-05:00,17502.363384877644
2025-02-20 14:35:00-05:00,17508.362201076623
2025-02-20 14:40:00-05:00,17518.318890693357
2025-02-20 14:45:00-05:00,17533.73595251573
2025-02-20 14:50:00-05:00,17533.094670646526
2025-02-20 14:55:00-05:00,17529.1075289098
2025-02-20 15:00:00-05:00,17526.070415159076
2025-02-20 15:05:00-05:00,17524.32635581615
2025-02-20 15:10:00-05:00,17525.656606104563
2025-02-20 15:15:00-05:00,17529.33624797386
2025-02-20 15:20:00-05:00,17532.925046148765
2025-02-20 15:25:00-05:00,17531.21582820685
2025-02-20 15:30:00-05:00,17532.889814933074
2025-02-20 15:35:00-05:00,17527.197206705412
2025-02-20 15:40:00-05:00,17525.25168498885
2025-02-20 15:45:00-05:00,17540.469243071773
2025-02-20 15:50:00-05:00,17544.69247650254
2025-02-20 15:55:00-05:00,17555.558060359563
2025-02-21 09:30:00-05:00,17503.726531265173
2025-02-21 09:35:00-05:00,17492.566915837982
2025-02-21 09:40:00-05:00,17492.038972984
2025-02-21 09:45:00-05:00,17475.08858648198
2025-02-21 09:50:00-05:00,17479.716727353923
2025-02-21 09:55:00-05:00,17469.744279310733
2025-02-21 10:00:00-05:00,17465.075082205323
2025-02-21 10:05:00-05:00,17477.19444822562
2025-02-21 10:10:00-05:00,17462.816470448724
2025-02-21 10:15:00-05:00,17470.009732587823
2025-02-21 10:20:00-05:00,17470.721468996235
2025-02-21 10:25:00-05:00,17469.126260287194
2025-02-21 10:30:00-05:00,17466.43607634449
2025-02-21 10:35:00-05:00,17477.712783742933
2025-02-21 10:40:00-05:00,17467.011395304587
2025-02-21 10:45:00-05:00,17481.63020475921
2025-02-21 10:50:00-05:00,17481.706521397893
2025-02-21 10:55:00-05:00,17483.93459194262
2025-02-21 11:00:00-05:00,17482.189818868905
2025-02-21 11:05:00-05:00,17485.080638447173
2025-02-21 11:10:00-05:00,17493.320021699146
2025-02-21 11:15:00-05:00,17495.40651988436
2025-02-21 11:20:00-05:00,17493.72384132079
2025-02-21 11:25:00-05:00,17486.883937925348
2025-02-21 11:30:00-05:00,17491.091323000936
2025-02-21 11:35:00-05:00,17500.857608294988
2025-02-21 11:40:00-05:00,17494.503901665812
2025-02-21 11:45:00-05:00,17491.15929978962
2025-02-21 11:50:00-05:00,17479.519005912545
2025-02-21 11:55:00-05:00,17488.578874341947
2025-02-21 12:00:00-05:00,17492.023178652555
2025-02-21 12:05:00-05:00,17484.330799211606
2025-02-21 12:10:00-05:00,17485.062811493994
2025-02-21 12:15:00-05:00,17471.548348126744
2025-02-21 12:20:00-05:00,17462.41245067908
2025-02-21 12:25:00-05:00,17462.83621628895
2025-02-21 12:30:00-05:00,17458.13431707526
2025-02-21 12:35:00-05:00,17442.919254446733
2025-02-21 12:40:00-05:00,17450.045586581724
2025-02-21 12:45:00-05:00,17446.410083533243
2025-02-21 12:50:00-05:00,17435.912271351135
2025-02-21 12:55:00-05:00,17420.80595608548
2025-02-21 13:00:00-05:00,17412.95628613352
2025-02-21 13:05:00-05:00,17407.179979858392
2025-02-21 13:10:00-05:00,17407.23876959483
2025-02-21 13:15:00-05:00,17400.97170648569
2025-02-21 13:20:00-05:00,17393.546568060563
2025-02-21 13:25:00-05:00,17380.36960596294
2025-02-21 13:30:00-05:00,17371.027564558954
2025-02-21 13:35:00-05:00,17375.829137982262
2025-02-21 13:40:00-05:00,17362.776533293178
2025-02-21 13:45:00-05:00,17366.260475453095
2025-02-21 13:50:00-05:00,17374.709681310756
2025-02-21 13:55:00-05:00,17366.9924273427
2025-02-21 14:00:00-05:00,17359.266271470402
2025-02-21 14:05:00-05:00,17376.688285792432
2025-02-21 14:10:00-05:00,17385.69119945736
2025-02-21 14:15:00-05:00,17371.20713937907
2025-02-21 14:20:00-05:00,17347.8515160366
2025-02-21 14:25:00-05:00,17339.763459045247
2025-02-21 14:30:00-05:00,17339.624969057197
2025-02-21 14:35:00-05:00,17343.112072465843
2025-02-21 14:40:00-05:00,17351.469758528758
2025-02-21 14:45:00-05:00,17353.204145847776
2025-02-21 14:50:00-05:00,17357.449749783398
2025-02-21 14:55:00-05:00,17358.550595378347
2025-02-21 15:00:00-05:00,17354.6308164768
2025-02-21 15:05:00-05:00,17356.497218852266
2025-02-21 15:10:00-05:00,17357.220607304305
2025-02-21 15:15:00-05:00,17355.293422204166
2025-02-21 15:20:00-05:00,17362.515482231025
2025-02-21 15:25:00-05:00,17369.74858238833
2025-02-21 15:30:00-05:00,17371.06092085403
2025-02-21 15:35:00-05:00,17375.145356455607
2025-02-21 15:40:00-05:00,17363.749127841686
2025-02-21 15:45:00-05:00,17360.704192941525
2025-02-21 15:50:00-05:00,17365.23656854938
2025-02-21 15:55:00-05:00,18364.607937335364
2025-02-24 09:30:00-05:00,18428.681761364154
2025-02-24 09:35:00-05:00,18422.666937924932
2025-02-24 09:40:00-05:00,18437.969542950745
2025-02-24 09:45:00-05:00,18410.798490450154
2025-02-24 09:50:00-05:00,18423.287165892936
2025-02-24 09:55:00-05:00,18411.55462751411
2025-02-24 10:00:00-05:00,18412.535932967825
2025-02-24 10:05:00-05:00,18425.49469684228
2025-02-24 10:10:00-05:00,18432.23606409535
2025-02-24 10:15:00-05:00,18432.39094117986
2025-02-24 10:20:00-05:00,18445.511135035485
2025-02-24 10:25:00-05:00,18432.43019850595
2025-02-24 10:30:00-05:00,18429.69179754894
2025-02-24 10:35:00-05:00,18427.329756749295
2025-02-24 10:40:00-05:00,18428.332835368587
2025-02-24 10:45:00-05:00,18442.265082094407
2025-02-24 10:50:00-05:00,18417.362947347752
2025-02-24 10:55:00-05:00,18417.789943036867
2025-02-24 11:00:00-05:00,18429.891270142205
2025-02-24 11:05:00-05:00,18426.483606322374
2025-02-24 11:10:00-05:00,18443.075269367513
2025-02-24 11:15:00-05:00,18450.246160110022
2025-02-24 11:20:00-05:00,18454.025131803195
2025-02-24 11:25:00-05:00,18469.87231745498
2025-02-24 11:30:00-05:00,18476.631380148265
2025-02-24 11:35:00-05:00,18456.337826189625
2025-02-24 11:40:00-05:00,18466.738934971305
2025-02-24 11:45:00-05:00,18472.05581948345
2025-02-24 11:50:00-05:00,18473.88863959881
2025-02-24 11:55:00-05:00,18460.69659485359
2025-02-24 12:00:00-05:00,18475.28881136108
2025-02-24 12:05:00-05:00,18468.21585497353
2025-02-24 12:10:00-05:00,18473.035099710585
2025-02-24 12:15:00-05:00,18485.073019203264
2025-02-24 12:20:00-05:00,18489.241254937057
2025-02-24 12:25:00-05:00,18479.201786640897
2025-02-24 12:30:00-05:00,18474.69854864863
2025-02-24 12:35:00-05:00,18486.26431827392
2025-02-24 12:40:00-05:00,18491.300297010755
2025-02-24 12:45:00-05:00,18486.879451031866
2025-02-24 12:50:00-05:00,18478.22293617216
2025-02-24 12:55:00-05:00,18477.64142888795
2025-02-24 13:00:00-05:00,18475.72669737297
2025-02-24 13:05:00-05:00,18489.28401882696
2025-02-24 13:10:00-05:00,18475.94797857906
2025-02-24 13:15:00-05:00,18493.793463200058
2025-02-24 13:20:00-05:00,18495.09155925515
2025-02-24 13:25:00-05:00,18489.47138037122
2025-02-24 13:30:00-05:00,18496.378875187773
2025-02-24 13:35:00-05:00,18494.787361273953
2025-02-24 13:40:00-05:00,18497.775983671898
2025-02-24 13:45:00-05:00,18483.43565103657
2025-02-24 13:50:00-05:00,18488.489684786462
2025-02-24 13:55:00-05:00,18483.444214366955
2025-02-24 14:00:00-05:00,18502.08054010114
2025-02-24 14:05:00-05:00,18494.609201276922
2025-02-24 14:10:00-05:00,18487.20581548813
2025-02-24 14:15:00-05:00,18478.630166514708
2025-02-24 14:20:00-05:00,18479.417534172397
2025-02-24 14:25:00-05:00,18478.60898222303
2025-02-24 14:30:00-05:00,18493.514854357214
2025-02-24 14:35:00-05:00,18482.606294622397
2025-02-24 14:40:00-05:00,18475.576331362463
2025-02-24 14:45:00-05:00,18478.542745531646
2025-02-24 14:50:00-05:00,18476.399464676717
2025-02-24 14:55:00-05:00,18474.862527317215
2025-02-24 15:00:00-05:00,18472.095545376567
2025-02-24 15:05:00-05:00,18477.027520375854
2025-02-24 15:10:00-05:00,18469.115519395727
2025-02-24 15:15:00-05:00,18474.772500454146
2025-02-24 15:20:00-05:00,18464.078956120193
2025-02-24 15:25:00-05:00,18458.922167928875
2025-02-24 15:30:00-05:00,18465.06066268054
2025-02-24 15:35:00-05:00,18462.810973564934
2025-02-24 15:40:00-05:00,18458.241774267386
2025-02-24 15:45:00-05:00,18468.06289774421
2025-02-24 15:50:00-05:00,18429.957802509893
2025-02-24 15:55:00-05:00,18432.218111483446
2025-02-25 09:30:00-05:00,18536.70192632682
2025-02-25 09:35:00-05:00,18522.350612037873
2025-02-25 09:40:00-05:00,18511.060023652575
2025-02-25 09:45:00-05:00,18529.13003992632
2025-02-25 09:50:00-05:00,18493.11368558372
2025-02-25 09:55:00-05:00,18501.859588522813
2025-02-25 10:00:00-05:00,18465.944192097297
2025-02-25 10:05:00-05:00,18459.435601902416
2025-02-25 10:10:00-05:00,18449.65521734279
2025-02-25 10:15:00-05:00,18459.513567554844
2025-02-25 10:20:00-05:00,18437.011733073054
2025-02-25 10:25:00-05:00,18423.539666613982
2025-02-25 10:30:00-05:00,18429.54858065368
2025-02-25 10:35:00-05:00,18454.92975860071
2025-02-25 10:40:00-05:00,18472.10033445285
2025-02-25 10:45:00-05:00,18468.67142429943
2025-02-25 10:50:00-05:00,18487.431715199633
2025-02-25 10:55:00-05:00,18470.11981447817
2025-02-25 11:00:00-05:00,18454.83972245355
2025-02-25 11:05:00-05:00,18457.494297513258
2025-02-25 11:10:00-05:00,18475.89004862181
2025-02-25 11:15:00-05:00,18460.273618498115
2025-02-25 11:20:00-05:00,18471.774071723074
2025-02-25 11:25:00-05:00,18448.694973971586
2025-02-25 11:30:00-05:00,18428.446545896495
2025-02-25 11:35:00-05:00,18446.46193680785
2025-02-25 11:40:00-05:00,18439.81928636632
2025-02-25 11:45:00-05:00,18464.048354456238
2025-02-25 11:50:00-05:00,18465.9209060522
2025-02-25 11:55:00-05:00,18481.36470357109
2025-02-25 12:00:00-05:00,18461.914857663658
2025-02-25 12:05:00-05:00,18462.88126198496
2025-02-25 12:10:00-05:00,18460.66197567282
2025-02-25 12:15:00-05:00,18463.748648247805
2025-02-25 12:20:00-05:00,18464.48225366755
2025-02-25 12:25:00-05:00,18481.558933872388
2025-02-25 12:30:00-05:00,18490.20069689394
2025-02-25 12:35:00-05:00,18498.123063962285
2025-02-25 12:40:00-05:00,18502.174554689376
2025-02-25 12:45:00-05:00,18505.604353723917
2025-02-25 12:50:00-05:00,18515.00536328645
2025-02-25 12:55:00-05:00,18528.46840945094
2025-02-25 13:00:00-05:00,18544.071113671496
2025-02-25 13:05:00-05:00,18545.7757560124
2025-02-25 13:10:00-05:00,18522.405475408275
2025-02-25 13:15:00-05:00,18523.906643273145
2025-02-25 13:20:00-05:00,18523.323888649404
2025-02-25 13:25:00-05:00,18491.59515449126
2025-02-25 13:30:00-05:00,18505.979495510648
2025-02-25 13:35:00-05:00,18539.753709171022
2025-02-25 13:40:00-05:00,18544.588861232216
2025-02-25 13:45:00-05:00,18544.905796897183
2025-02-25 13:50:00-05:00,18533.083177058386
2025-02-25 13:55:00-05:00,18521.152195896593
2025-02-25 14:00:00-05:00,18515.66496468806
2025-02-25 14:05:00-05:00,18512.723992386505
2025-02-25 14:10:00-05:00,18502.282238643125
2025-02-25 14:15:00-05:00,18501.451492620057
2025-02-25 14:20:00-05:00,18487.492578143076
2025-02-25 14:25:00-05:00,18480.792746766143
2025-02-25 14:30:00-05:00,18497.692617168734
2025-02-25 14:35:00-05:00,18535.413065506305
2025-02-25 14:40:00-05:00,18549.375005181722
2025-02-25 14:45:00-05:00,18537.58692817842
2025-02-25 14:50:00-05:00,18541.994285170073
2025-02-25 14:55:00-05:00,18541.626847799547
2025-02-25 15:00:00-05:00,18546.773453756
2025-02-25 15:05:00-05:00,18541.42610614517
2025-02-25 15:10:00-05:00,18537.59421178143
2025-02-25 15:15:00-05:00,18548.116720960134
2025-02-25 15:20:00-05:00,18574.81793828203
2025-02-25 15:25:00-05:00,18559.593192232896
2025-02-25 15:30:00-05:00,18553.32512763482
2025-02-25 15:35:00-05:00,18520.469811042094
2025-02-25 15:40:00-05:00,18513.846453393406
2025-02-25 15:45:00-05:00,18534.378541761267
2025-02-25 15:50:00-05:00,18524.863438529424
2025-02-25 15:55:00-05:00,18535.548637373136
2025-02-26 09:30:00-05:00,18506.309161946945
2025-02-26 09:35:00-05:00,18513.093242254836
2025-02-26 09:40:00-05:00,18512.159853113884
2025-02-26 09:45:00-05:00,18534.166801679734
2025-02-26 09:50:00-05:00,18543.169637195868
2025-02-26 09:55:00-05:00,18539.268348102534
2025-02-26 10:00:00-05:00,18551.041539376507
2025-02-26 10:05:00-05:00,18557.444104678798
2025-02-26 10:10:00-05:00,18575.066537379822
2025-02-26 10:15:00-05:00,18577.902589092966
2025-02-26 10:20:00-05:00,18580.62526713672
2025-02-26 10:25:00-05:00,18579.706307917637
2025-02-26 10:30:00-05:00,18577.38505970936
2025-02-26 10:35:00-05:00,18570.374341082952
2025-02-26 10:40:00-05:00,18579.1736459035
2025-02-26 10:45:00-05:00,18586.02191783532
2025-02-26 10:50:00-05:00,18586.101137848527
2025-02-26 10:55:00-05:00,18573.633422886527
2025-02-26 11:00:00-05:00,18564.057938828762
2025-02-26 11:05:00-05:00,18565.579954692672
2025-02-26 11:10:00-05:00,18559.02125122024
2025-02-26 11:15:00-05:00,18561.307311034037
2025-02-26 11:20:00-05:00,18564.155524063335
2025-02-26 11:25:00-05:00,18549.609187962462
2025-02-26 11:30:00-05:00,18539.44145888189
2025-02-26 11:35:00-05:00,18558.69213786334
2025-02-26 11:40:00-05:00,18542.94085710331
2025-02-26 11:45:00-05:00,18541.51178214586
2025-02-26 11:50:00-05:00,18549.695808381384
2025-02-26 11:55:00-05:00,18517.88654405004
2025-02-26 12:00:00-05:00,18528.6971751153
2025-02-26 12:05:00-05:00,18523.415203316425
2025-02-26 12:10:00-05:00,18538.278695017372
2025-02-26 12:15:00-05:00,18524.376043661316
2025-02-26 12:20:00-05:00,18517.35495765215
2025-02-26 12:25:00-05:00,18524.00045856675
2025-02-26 12:30:00-05:00,18496.74271635541
2025-02-26 12:35:00-05:00,18482.481027296813
2025-02-26 12:40:00-05:00,18483.864801321146
2025-02-26 12:45:00-05:00,18479.275613700436
2025-02-26 12:50:00-05:00,18460.82789671499
2025-02-26 12:55:00-05:00,18439.289354845536
2025-02-26 13:00:00-05:00,18443.31375096327
2025-02-26 13:05:00-05:00,18440.190134121916
2025-02-26 13:10:00-05:00,18438.602385669517
2025-02-26 13:15:00-05:00,18430.939225865317
2025-02-26 13:20:00-05:00,18431.878456108705
2025-02-26 13:25:00-05:00,18408.42211334349
2025-02-26 13:30:00-05:00,18415.636856002457
2025-02-26 13:35:00-05:00,18410.20569387189
2025-02-26 13:40:00-05:00,18409.18352693566
2025-02-26 13:45:00-05:00,18397.88526433005
2025-02-26 13:50:00-05:00,18396.164626250586
2025-02-26 13:55:00-05:00,18392.065407413156
2025-02-26 14:00:00-05:00,18389.39433933209
2025-02-26 14:05:00-05:00,18383.78749500865
2025-02-26 14:10:00-05:00,18392.30502059082
2025-02-26 14:15:00-05:00,18403.38157486508
2025-02-26 14:20:00-05:00,18418.313913605813
2025-02-26 14:25:00-05:00,18422.930463724737
2025-02-26 14:30:00-05:00,18431.592409563025
2025-02-26 14:35:00-05:00,18441.724103568024
2025-02-26 14:40:00-05:00,18447.889349022997
2025-02-26 14:45:00-05:00,18445.555692676444
2025-02-26 14:50:00-05:00,18440.193876161422
2025-02-26 14:55:00-05:00,18410.17626218724
2025-02-26 15:00:00-05:00,18408.38452720633
2025-02-26 15:05:00-05:00,18421.970072634664
2025-02-26 15:10:00-05:00,18420.97616156739
2025-02-26 15:15:00-05:00,18418.737994325944
2025-02-26 15:20:00-05:00,18422.49796791783
2025-02-26 15:25:00-05:00,18411.921128895126
2025-02-26 15:30:00-05:00,18422.82118085438
2025-02-26 15:35:00-05:00,18424.886584486456
2025-02-26 15:40:00-05:00,18444.84578409003
2025-02-26 15:45:00-05:00,18440.274499606254
2025-02-26 15:50:00-05:00,18433.900482489415
2025-02-26 15:55:00-05:00,18422.976586894507
2025-02-27 09:30:00-05:00,18467.433571821442
2025-02-27 09:35:00-05:00,18518.85777846671
2025-02-27 09:40:00-05:00,18510.437699072823
2025-02-27 09:45:00-05:00,18506.11403493552
2025-02-27 09:50:00-05:00,18493.227061303853
2025-02-27 09:55:00-05:00,18480.617007334393
2025-02-27 10:00:00-05:00,18463.938178072447
2025-02-27 10:05:00-05:00,18488.45372037025
2025-02-27 10:10:00-05:00,18521.851908759145
2025-02-27 10:15:00-05:00,18553.70003964477
2025-02-27 10:20:00-05:00,18594.14208196767
2025-02-27 10:25:00-05:00,18582.891689713048
2025-02-27 10:30:00-05:00,18570.625705500395
2025-02-27 10:35:00-05:00,18584.047080341843
2025-02-27 10:40:00-05:00,18581.518859588406
2025-02-27 10:45:00-05:00,18597.359519467027
2025-02-27 10:50:00-05:00,18586.04091822181
2025-02-27 10:55:00-05:00,18563.708472965434
2025-02-27 11:00:00-05:00,18568.392315049863
2025-02-27 11:05:00-05:00,18571.930444259637
2025-02-27 11:10:00-05:00,18596.71765099732
2025-02-27 11:15:00-05:00,18611.81679450725
2025-02-27 11:20:00-05:00,18602.66701684977
2025-02-27 11:25:00-05:00,18571.485298046573
2025-02-27 11:30:00-05:00,18583.93781207829
2025-02-27 11:35:00-05:00,18577.422530178002
2025-02-27 11:40:00-05:00,18548.176291336833
2025-02-27 11:45:00-05:00,18549.061896033247
2025-02-27 11:50:00-05:00,18530.060158472268
2025-02-27 11:55:00-05:00,18516.89863698575
2025-02-27 12:00:00-05:00,18521.677630386446
2025-02-27 12:05:00-05:00,18503.569226055457
2025-02-27 12:10:00-05:00,18500.55377012711
2025-02-27 12:15:00-05:00,18490.989252663676
2025-02-27 12:20:00-05:00,18513.931741736127
2025-02-27 12:25:00-05:00,18550.99594203629
2025-02-27 12:30:00-05:00,18557.04515167974
2025-02-27 12:35:00-05:00,18553.75601381952
2025-02-27 12:40:00-05:00,18529.787001289063
2025-02-27 12:45:00-05:00,18527.664960001355
2025-02-27 12:50:00-05:00,18537.92897632857
2025-02-27 12:55:00-05:00,18539.38454295755
2025-02-27 13:00:00-05:00,18546.1189266258
2025-02-27 13:05:00-05:00,18539.09861324753
2025-02-27 13:10:00-05:00,18559.22833084005
2025-02-27 13:15:00-05:00,18561.600802678913
2025-02-27 13:20:00-05:00,18576.735093608353
2025-02-27 13:25:00-05:00,18562.271543052884
2025-02-27 13:30:00-05:00,18568.974199814944
2025-02-27 13:35:00-05:00,18573.80036034158
2025-02-27 13:40:00-05:00,18562.083851592444
2025-02-27 13:45:00-05:00,18567.030326308326
2025-02-27 13:50:00-05:00,18568.807695476862
2025-02-27 13:55:00-05:00,18551.420421141152
2025-02-27 14:00:00-05:00,18548.131418789006
2025-02-27 14:05:00-05:00,18541.840599237108
2025-02-27 14:10:00-05:00,18527.949634117835
2025-02-27 14:15:00-05:00,18525.981706904164
2025-02-27 14:20:00-05:00,18513.488351213942
2025-02-27 14:25:00-05:00,18491.10804880236
2025-02-27 14:30:00-05:00,18457.56646859478
2025-02-27 14:35:00-05:00,18457.626810544574
2025-02-27 14:40:00-05:00,18446.87718378738
2025-02-27 14:45:00-05:00,18444.583017917175
2025-02-27 14:50:00-05:00,18448.970970033202
2025-02-27 14:55:00-05:00,18444.290297486063
2025-02-27 15:00:00-05:00,18417.64038499764
2025-02-27 15:05:00-05:00,18421.425852811197
2025-02-27 15:10:00-05:00,18410.50405424032
2025-02-27 15:15:00-05:00,18407.939706174915
2025-02-27 15:20:00-05:00,18417.681481924566
2025-02-27 15:25:00-05:00,18393.559811953775
2025-02-27 15:30:00-05:00,18415.98499621629
2025-02-27 15:35:00-05:00,18407.454486499773
2025-02-27 15:40:00-05:00,18408.01195929682
2025-02-27 15:45:00-05:00,18410.556421225276
2025-02-27 15:50:00-05:00,18392.14832115932
2025-02-27 15:55:00-05:00,18393.79860565001
2025-02-28 09:30:00-05:00,18409.644774228553
2025-02-28 09:35:00-05:00,18451.922963479963
2025-02-28 09:40:00-05:00,18455.627408669072
2025-02-28 09:45:00-05:00,18439.38894196239
2025-02-28 09:50:00-05:00,18463.28545934139
2025-02-28 09:55:00-05:00,18475.141844544694
2025-02-28 10:00:00-05:00,18488.969122953862
2025-02-28 10:05:00-05:00,18486.169376682752
2025-02-28 10:10:00-05:00,18488.522274692
2025-02-28 10:15:00-05:00,18445.59979272793
2025-02-28 10:20:00-05:00,18472.524912113542
2025-02-28 10:25:00-05:00,18474.548050326797
2025-02-28 10:30:00-05:00,18469.89793279346
2025-02-28 10:35:00-05:00,18471.755440504698
2025-02-28 10:40:00-05:00,18455.706613123228
2025-02-28 10:45:00-05:00,18460.566956936418
2025-02-28 10:50:00-05:00,18469.47950233475
2025-02-28 10:55:00-05:00,18485.276014648298
2025-02-28 11:00:00-05:00,18476.94444677086
2025-02-28 11:05:00-05:00,18468.663811516202
2025-02-28 11:10:00-05:00,18453.74585558228
2025-02-28 11:15:00-05:00,18442.548975355883
2025-02-28 11:20:00-05:00,18436.950097077137
2025-02-28 11:25:00-05:00,18414.6496367112
2025-02-28 11:30:00-05:00,18445.09580010045
2025-02-28 11:35:00-05:00,18447.499903152027
2025-02-28 11:40:00-05:00,18458.539277018852
2025-02-28 11:45:00-05:00,18474.39669938538
2025-02-28 11:50:00-05:00,18469.54554515418
2025-02-28 11:55:00-05:00,18454.32153026931
2025-02-28 12:00:00-05:00,18434.830889190205
2025-02-28 12:05:00-05:00,18439.61885853845
2025-02-28 12:10:00-05:00,18456.73305927998
2025-02-28 12:15:00-05:00,18467.88187433242
2025-02-28 12:20:00-05:00,18437.435851877115
2025-02-28 12:25:00-05:00,18435.760189850113
2025-02-28 12:30:00-05:00,18421.62881464234
2025-02-28 12:35:00-05:00,18419.402458638135
2025-02-28 12:40:00-05:00,18389.243142095063
2025-02-28 12:45:00-05:00,18363.390951804588
2025-02-28 12:50:00-05:00,18384.489740716042
2025-02-28 12:55:00-05:00,18363.851706782265
2025-02-28 13:00:00-05:00,18370.154579402522
2025-02-28 13:05:00-05:00,18365.579282038776
2025-02-28 13:10:00-05:00,18373.31645667255
2025-02-28 13:15:00-05:00,18337.104019542534
2025-02-28 13:20:00-05:00,18329.0054840784
2025-02-28 13:25:00-05:00,18372.04104908051
2025-02-28 13:30:00-05:00,18389.522428217228
2025-02-28 13:35:00-05:00,18406.391049617705
2025-02-28 13:40:00-05:00,18405.996801952027
2025-02-28 13:45:00-05:00,18408.940889985126
2025-02-28 13:50:00-05:00,18404.87610954455
2025-02-28 13:55:00-05:00,18354.81160324827
2025-02-28 14:00:00-05:00,18375.4867597974
2025-02-28 14:05:00-05:00,18385.05158924522
2025-02-28 14:10:00-05:00,18379.324733542428
2025-02-28 14:15:00-05:00,18408.95741812056
2025-02-28 14:20:00-05:00,18396.58463939754
2025-02-28 14:25:00-05:00,18408.400463903356
2025-02-28 14:30:00-05:00,18422.230262213685
2025-02-28 14:35:00-05:00,18437.732476284273
2025-02-28 14:40:00-05:00,18440.282241892415
2025-02-28 14:45:00-05:00,18447.792045678514
2025-02-28 14:50:00-05:00,18451.388070091052
2025-02-28 14:55:00-05:00,18458.839576660645
2025-02-28 15:00:00-05:00,18479.7281813451
2025-02-28 15:05:00-05:00,18482.369660017932
2025-02-28 15:10:00-05:00,18478.298144542667
2025-02-28 15:15:00-05:00,18472.993989517883
2025-02-28 15:20:00-05:00,18471.711943722
2025-02-28 15:25:00-05:00,18502.175223670245
2025-02-28 15:30:00-05:00,18478.170179196295
2025-02-28 15:35:00-05:00,18490.62035098675
2025-02-28 15:40:00-05:00,18516.504969955262
2025-02-28 15:45:00-05:00,18527.83491213888
2025-02-28 15:50:00-05:00,18567.991563154264
2025-02-28 15:55:00-05:00,19610.361309213356
2025-03-03 09:30:00-05:00,19690.05855650539
2025-03-03 09:35:00-05:00,19697.25557633801
2025-03-03 09:40:00-05:00,19692.008584769163
2025-03-03 09:45:00-05:00,19678.92517334785
2025-03-03 09:50:00-05:00,19690.76595771297
2025-03-03 09:55:00-05:00,19670.61067269971
2025-03-03 10:00:00-05:00,19658.660794865507
2025-03-03 10:05:00-05:00,19648.873648272693
2025-03-03 10:10:00-05:00,19628.233568323813
2025-03-03 10:15:00-05:00,19634.706143689018
2025-03-03 10:20:00-05:00,19637.589783406132
2025-03-03 10:25:00-05:00,19656.166676606947
2025-03-03 10:30:00-05:00,19651.712238422162
2025-03-03 10:35:00-05:00,19646.856855563878
2025-03-03 10:40:00-05:00,19683.938030220495
2025-03-03 10:45:00-05:00,19638.826143791513
2025-03-03 10:50:00-05:00,19651.384790002947
2025-03-03 10:55:00-05:00,19615.64252967813
2025-03-03 11:00:00-05:00,19624.085928678545
2025-03-03 11:05:00-05:00,19608.68261401921
2025-03-03 11:10:00-05:00,19617.127775534533
2025-03-03 11:15:00-05:00,19623.846891196463
2025-03-03 11:20:00-05:00,19636.953667839316
2025-03-03 11:25:00-05:00,19590.976555543082
2025-03-03 11:30:00-05:00,19588.732410081233
2025-03-03 11:35:00-05:00,19565.648860637633
2025-03-03 11:40:00-05:00,19556.655245007372
2025-03-03 11:45:00-05:00,19585.001885471072
2025-03-03 11:50:00-05:00,19597.718959728994
2025-03-03 11:55:00-05:00,19604.892972238133
2025-03-03 12:00:00-05:00,19611.1727867929
2025-03-03 12:05:00-05:00,19615.8327042974
2025-03-03 12:10:00-05:00,19625.179614708497
2025-03-03 12:15:00-05:00,19631.456297696557
2025-03-03 12:20:00-05:00,19634.422518512547
2025-03-03 12:25:00-05:00,19628.871581324063
2025-03-03 12:30:00-05:00,19626.27364098646
2025-03-03 12:35:00-05:00,19635.555468508457
2025-03-03 12:40:00-05:00,19632.859247358767
2025-03-03 12:45:00-05:00,19631.21080573227
2025-03-03 12:50:00-05:00,19605.779337695778
2025-03-03 12:55:00-05:00,19595.10760730478
2025-03-03 13:00:00-05:00,19586.26598941246
2025-03-03 13:05:00-05:00,19562.609494911398
2025-03-03 13:10:00-05:00,19540.086618200257
2025-03-03 13:15:00-05:00,19546.013051243608
2025-03-03 13:20:00-05:00,19549.23962141935
2025-03-03 13:25:00-05:00,19497.25643956842
2025-03-03 13:30:00-05:00,19482.60193796722
2025-03-03 13:35:00-05:00,19480.991364323443
2025-03-03 13:40:00-05:00,19505.11626914805
2025-03-03 13:45:00-05:00,19502.252117816857
2025-03-03 13:50:00-05:00,19503.7947624225
2025-03-03 13:55:00-05:00,19507.677701038527
2025-03-03 14:00:00-05:00,19521.49017641953
2025-03-03 14:05:00-05:00,19522.4748037965
2025-03-03 14:10:00-05:00,19519.394216438628
2025-03-03 14:15:00-05:00,19500.345384975786
2025-03-03 14:20:00-05:00,19501.41054302706
2025-03-03 14:25:00-05:00,19491.574699499728
2025-03-03 14:30:00-05:00,19516.773325738013
2025-03-03 14:35:00-05:00,19522.88702073073
2025-03-03 14:40:00-05:00,19535.17408416192
2025-03-03 14:45:00-05:00,19500.47696125956
2025-03-03 14:50:00-05:00,19453.7520535318
2025-03-03 14:55:00-05:00,19438.430661595386
2025-03-03 15:00:00-05:00,19399.62282174351
2025-03-03 15:05:00-05:00,19379.997362013637
2025-03-03 15:10:00-05:00,19360.255609257903
2025-03-03 15:15:00-05:00,19358.88435071602
2025-03-03 15:20:00-05:00,19357.201806710815
2025-03-03 15:25:00-05:00,19323.972217434457
2025-03-03 15:30:00-05:00,19329.01228711212
2025-03-03 15:35:00-05:00,19300.39811058314
2025-03-03 15:40:00-05:00,19311.12956653462
2025-03-03 15:45:00-05:00,19353.19699391374
2025-03-03 15:50:00-05:00,19371.57522115571
2025-03-03 15:55:00-05:00,19413.236578169475
2025-03-04 09:30:00-05:00,19244.664117486038
2025-03-04 09:35:00-05:00,19253.607015652542
2025-03-04 09:40:00-05:00,19257.19222271404
2025-03-04 09:45:00-05:00,19228.631159922967
2025-03-04 09:50:00-05:00,19203.795564419037
2025-03-04 09:55:00-05:00,19187.906335845135
2025-03-04 10:00:00-05:00,19193.187809217878
2025-03-04 10:05:00-05:00,19180.396438145337
2025-03-04 10:10:00-05:00,19163.982192056377
2025-03-04 10:15:00-05:00,19135.943087958298
2025-03-04 10:20:00-05:00,19147.470807705115
2025-03-04 10:25:00-05:00,19172.437110406147
2025-03-04 10:30:00-05:00,19188.747462508774
2025-03-04 10:35:00-05:00,19167.110344119785
2025-03-04 10:40:00-05:00,19163.004641404536
2025-03-04 10:45:00-05:00,19139.27134702715
2025-03-04 10:50:00-05:00,19109.764950447952
2025-03-04 10:55:00-05:00,19112.580899626406
2025-03-04 11:00:00-05:00,19108.533185113763
2025-03-04 11:05:00-05:00,19091.896480543495
2025-03-04 11:10:00-05:00,19134.402353294594
2025-03-04 11:15:00-05:00,19107.338840766024
2025-03-04 11:20:00-05:00,19089.85562678658
2025-03-04 11:25:00-05:00,19089.00975461365
2025-03-04 11:30:00-05:00,19088.049360573892
2025-03-04 11:35:00-05:00,19082.668308268087
2025-03-04 11:40:00-05:00,19122.993299953316
2025-03-04 11:45:00-05:00,19124.665586075538
2025-03-04 11:50:00-05:00,19122.954673970056
2025-03-04 11:55:00-05:00,19115.329077096816
2025-03-04 12:00:00-05:00,19126.164038293475
2025-03-04 12:05:00-05:00,19108.47083987453
2025-03-04 12:10:00-05:00,19127.873074486164
2025-03-04 12:15:00-05:00,19132.649049633583
2025-03-04 12:20:00-05:00,19130.38994233802
2025-03-04 12:25:00-05:00,19146.09536121955
2025-03-04 12:30:00-05:00,19147.146856580523
2025-03-04 12:35:00-05:00,19144.03105941425
2025-03-04 12:40:00-05:00,19133.100098036666
2025-03-04 12:45:00-05:00,19132.29056567933
2025-03-04 12:50:00-05:00,19117.034216421314
2025-03-04 12:55:00-05:00,19105.276507207895
2025-03-04 13:00:00-05:00,19121.925939605604
2025-03-04 13:05:00-05:00,19155.40604322513
2025-03-04 13:10:00-05:00,19182.755286911033
2025-03-04 13:15:00-05:00,19164.59922862488
2025-03-04 13:20:00-05:00,19145.434685511213
2025-03-04 13:25:00-05:00,19138.096992564355
2025-03-04 13:30:00-05:00,19153.156335217518
2025-03-04 13:35:00-05:00,19159.48424189464
2025-03-04 13:40:00-05:00,19167.374871753553
2025-03-04 13:45:00-05:00,19167.633461669386
2025-03-04 13:50:00-05:00,19180.595898757507
2025-03-04 13:55:00-05:00,19200.567833883357
2025-03-04 14:00:00-05:00,19225.55362181024
2025-03-04 14:05:00-05:00,19249.3734385776
2025-03-04 14:10:00-05:00,19235.136472779188
2025-03-04 14:15:00-05:00,19238.679073268995
2025-03-04 14:20:00-05:00,19255.607737643808
2025-03-04 14:25:00-05:00,19217.701559805526
2025-03-04 14:30:00-05:00,19214.03752508174
2025-03-04 14:35:00-05:00,19238.05948727218
2025-03-04 14:40:00-05:00,19243.576661974483
2025-03-04 14:45:00-05:00,19248.32498785194
2025-03-04 14:50:00-05:00,19250.289466522532
2025-03-04 14:55:00-05:00,19266.67235233841
2025-03-04 15:00:00-05:00,19244.810853411887
2025-03-04 15:05:00-05:00,19249.19344821154
2025-03-04 15:10:00-05:00,19256.943123162273
2025-03-04 15:15:00-05:00,19274.08164423552
2025-03-04 15:20:00-05:00,19311.41532763063
2025-03-04 15:25:00-05:00,19271.667532214553
2025-03-04 15:30:00-05:00,19204.328546058972
2025-03-04 15:35:00-05:00,19191.91712352171
2025-03-04 15:40:00-05:00,19181.786784728047
2025-03-04 15:45:00-05:00,19130.705302769285
2025-03-04 15:50:00-05:00,19082.58894464902
2025-03-04 15:55:00-05:00,19080.424300688912
2025-03-05 09:30:00-05:00,19135.73207076621
2025-03-05 09:35:00-05:00,19157.552596402635
2025-03-05 09:40:00-05:00,19166.407568594714
2025-03-05 09:45:00-05:00,19141.006799039696
2025-03-05 09:50:00-05:00,19129.983812545408
2025-03-05 09:55:00-05:00,19105.697803116655
2025-03-05 10:00:00-05:00,19157.866314092742
2025-03-05 10:05:00-05:00,19169.610666812947
2025-03-05 10:10:00-05:00,19152.98397944886
2025-03-05 10:15:00-05:00,19117.149689200898
2025-03-05 10:20:00-05:00,19098.406897156274
2025-03-05 10:25:00-05:00,19087.122820719123
2025-03-05 10:30:00-05:00,19103.686773357036
2025-03-05 10:35:00-05:00,19128.302185279965
2025-03-05 10:40:00-05:00,19108.23579357316
2025-03-05 10:45:00-05:00,19101.676522700254
2025-03-05 10:50:00-05:00,19116.538257320328
2025-03-05 10:55:00-05:00,19107.10884938093
2025-03-05 11:00:00-05:00,19085.322186342986
2025-03-05 11:05:00-05:00,19068.011903238854
2025-03-05 11:10:00-05:00,19059.36136825768
2025-03-05 11:15:00-05:00,19043.62819816987
2025-03-05 11:20:00-05:00,19051.42106869509
2025-03-05 11:25:00-05:00,19050.068957979493
2025-03-05 11:30:00-05:00,19031.389205577838
2025-03-05 11:35:00-05:00,19054.105488037218
2025-03-05 11:40:00-05:00,19031.471273043724
2025-03-05 11:45:00-05:00,19035.050467680023
2025-03-05 11:50:00-05:00,19037.71800489752
2025-03-05 11:55:00-05:00,19089.362877801224
2025-03-05 12:00:00-05:00,19104.595505687557
2025-03-05 12:05:00-05:00,19108.38637964049
2025-03-05 12:10:00-05:00,19106.42300521107
2025-03-05 12:15:00-05:00,19112.50326819198
2025-03-05 12:20:00-05:00,19131.603936949472
2025-03-05 12:25:00-05:00,19157.216279309378
2025-03-05 12:30:00-05:00,19163.937612807014
2025-03-05 12:35:00-05:00,19162.797085367056
2025-03-05 12:40:00-05:00,19162.492388345854
2025-03-05 12:45:00-05:00,19161.756053444624
2025-03-05 12:50:00-05:00,19173.93144551461
2025-03-05 12:55:00-05:00,19191.239486851253
2025-03-05 13:00:00-05:00,19191.216434820828
2025-03-05 13:05:00-05:00,19127.00085709242
2025-03-05 13:10:00-05:00,19145.03489529032
2025-03-05 13:15:00-05:00,19150.044291748767
2025-03-05 13:20:00-05:00,19159.209888011937
2025-03-05 13:25:00-05:00,19151.519876572234
2025-03-05 13:30:00-05:00,19132.1414798055
2025-03-05 13:35:00-05:00,19147.11821845281
2025-03-05 13:40:00-05:00,19123.88148353015
2025-03-05 13:45:00-05:00,19171.396167122875
2025-03-05 13:50:00-05:00,19184.486495216534
2025-03-05 13:55:00-05:00,19215.89685554825
2025-03-05 14:00:00-05:00,19242.58328612114
2025-03-05 14:05:00-05:00,19283.910375842308
2025-03-05 14:10:00-05:00,19286.424595481913
2025-03-05 14:15:00-05:00,19256.569298711765
2025-03-05 14:20:00-05:00,19284.784080137597
2025-03-05 14:25:00-05:00,19262.8877975046
2025-03-05 14:30:00-05:00,19267.802622957748
2025-03-05 14:35:00-05:00,19270.566901759088
2025-03-05 14:40:00-05:00,19261.266140817934
2025-03-05 14:45:00-05:00,19282.595834180447
2025-03-05 14:50:00-05:00,19288.35117188059
2025-03-05 14:55:00-05:00,19261.558540250688
2025-03-05 15:00:00-05:00,19297.22354290415
2025-03-05 15:05:00-05:00,19304.927424569043
2025-03-05 15:10:00-05:00,19307.297404855617
2025-03-05 15:15:00-05:00,19272.520603949743
2025-03-05 15:20:00-05:00,19267.599469538072
2025-03-05 15:25:00-05:00,19293.1799602431
2025-03-05 15:30:00-05:00,19258.35877743681
2025-03-05 15:35:00-05:00,19268.58771958194
2025-03-05 15:40:00-05:00,19265.7512854687
2025-03-05 15:45:00-05:00,19250.975989942242
2025-03-05 15:50:00-05:00,19257.2963273817
2025-03-05 15:55:00-05:00,19254.965121011144
2025-03-06 09:30:00-05:00,19085.640931993803
2025-03-06 09:35:00-05:00,19073.911362300518
2025-03-06 09:40:00-05:00,19035.7535666815
2025-03-06 09:45:00-05:00,19061.347317271393
2025-03-06 09:50:00-05:00,19065.905904351523
2025-03-06 09:55:00-05:00,19051.69498036071
2025-03-06 10:00:00-05:00,19104.382826535515
2025-03-06 10:05:00-05:00,19135.92332600991
2025-03-06 10:10:00-05:00,19153.514952409245
2025-03-06 10:15:00-05:00,19150.603053134386
2025-03-06 10:20:00-05:00,19147.215345232453
2025-03-06 10:25:00-05:00,19164.383581111615
2025-03-06 10:30:00-05:00,19174.379236574103
2025-03-06 10:35:00-05:00,19207.92616860712
2025-03-06 10:40:00-05:00,19220.60095197247
2025-03-06 10:45:00-05:00,19211.375100192112
2025-03-06 10:50:00-05:00,19179.3608124301
2025-03-06 10:55:00-05:00,19214.16610496822
2025-03-06 11:00:00-05:00,19222.994979732797
2025-03-06 11:05:00-05:00,19248.833872716554
2025-03-06 11:10:00-05:00,19225.208623244675
2025-03-06 11:15:00-05:00,19218.65710039513
2025-03-06 11:20:00-05:00,19209.697783598232
2025-03-06 11:25:00-05:00,19219.610784731623
2025-03-06 11:30:00-05:00,19234.53119620459
2025-03-06 11:35:00-05:00,19184.712980582266
2025-03-06 11:40:00-05:00,19174.18061377447
2025-03-06 11:45:00-05:00,19161.179008017596
2025-03-06 11:50:00-05:00,19127.21964682789
2025-03-06 11:55:00-05:00,19105.821917981186
2025-03-06 12:00:00-05:00,19086.00528378176
2025-03-06 12:05:00-05:00,19087.4964604739
2025-03-06 12:10:00-05:00,19068.451831190978
2025-03-06 12:15:00-05:00,19085.19485696514
2025-03-06 12:20:00-05:00,19082.19282581804
2025-03-06 12:25:00-05:00,19062.087227548345
2025-03-06 12:30:00-05:00,19062.380578136504
2025-03-06 12:35:00-05:00,19049.812613152822
2025-03-06 12:40:00-05:00,19057.415748999716
2025-03-06 12:45:00-05:00,19030.08092996361
2025-03-06 12:50:00-05:00,19044.797313956446
2025-03-06 12:55:00-05:00,19082.96540756915
2025-03-06 13:00:00-05:00,19065.204832482705
2025-03-06 13:05:00-05:00,19065.325919141687
2025-03-06 13:10:00-05:00,19078.593852465267
2025-03-06 13:15:00-05:00,19103.38712931449
2025-03-06 13:20:00-05:00,19105.850513046473
2025-03-06 13:25:00-05:00,19064.81358727649
2025-03-06 13:30:00-05:00,19066.278763296097
2025-03-06 13:35:00-05:00,19037.135456165164
2025-03-06 13:40:00-05:00,19042.363977198936
2025-03-06 13:45:00-05:00,19051.64347294204
2025-03-06 13:50:00-05:00,19062.017632128587
2025-03-06 13:55:00-05:00,19063.306810679285
2025-03-06 14:00:00-05:00,19045.045452299895
2025-03-06 14:05:00-05:00,19058.563268869657
2025-03-06 14:10:00-05:00,19067.695820188885
2025-03-06 14:15:00-05:00,19052.911170319647
2025-03-06 14:20:00-05:00,19059.869005151337
2025-03-06 14:25:00-05:00,19044.275417280744
2025-03-06 14:30:00-05:00,19048.835354276845
2025-03-06 14:35:00-05:00,19059.08295741605
2025-03-06 14:40:00-05:00,19083.379951433846
2025-03-06 14:45:00-05:00,19123.117526981383
2025-03-06 14:50:00-05:00,19125.32552739469
2025-03-06 14:55:00-05:00,19050.835549430387
2025-03-06 15:00:00-05:00,19077.897714326387
2025-03-06 15:05:00-05:00,19083.490435538555
2025-03-06 15:10:00-05:00,19106.298306954883
2025-03-06 15:15:00-05:00,19112.638474239502
2025-03-06 15:20:00-05:00,19077.302738192244
2025-03-06 15:25:00-05:00,19110.97907328278
2025-03-06 15:30:00-05:00,19113.655838873106
2025-03-06 15:35:00-05:00,19099.4284808611
2025-03-06 15:40:00-05:00,19085.381744390772
2025-03-06 15:45:00-05:00,19125.082494891976
2025-03-06 15:50:00-05:00,19136.268892811207
2025-03-06 15:55:00-05:00,19118.815449225644
2025-03-07 09:30:00-05:00,19106.676486947475
2025-03-07 09:35:00-05:00,19082.181906926562
2025-03-07 09:40:00-05:00,19136.90794635446
2025-03-07 09:45:00-05:00,19202.33361344883
2025-03-07 09:50:00-05:00,19195.379104439147
2025-03-07 09:55:00-05:00,19151.249198904985
2025-03-07 10:00:00-05:00,19173.39776907088
2025-03-07 10:05:00-05:00,19173.125504020136
2025-03-07 10:10:00-05:00,19137.92704712381
2025-03-07 10:15:00-05:00,19111.153887945933
2025-03-07 10:20:00-05:00,19155.169335958453
2025-03-07 10:25:00-05:00,19155.875599131956
2025-03-07 10:30:00-05:00,19105.24986899768
2025-03-07 10:35:00-05:00,19073.285244981675
2025-03-07 10:40:00-05:00,19080.707177945937
2025-03-07 10:45:00-05:00,19143.465970586487
2025-03-07 10:50:00-05:00,19107.03753007033
2025-03-07 10:55:00-05:00,19117.05446534448
2025-03-07 11:00:00-05:00,19113.017068264875
2025-03-07 11:05:00-05:00,19111.96935535749
2025-03-07 11:10:00-05:00,19100.856893003478
2025-03-07 11:15:00-05:00,19070.18263421461
2025-03-07 11:20:00-05:00,19048.25692799288
2025-03-07 11:25:00-05:00,19024.06392742419
2025-03-07 11:30:00-05:00,19031.056917326256
2025-03-07 11:35:00-05:00,19025.972413442327
2025-03-07 11:40:00-05:00,19014.588716510836
2025-03-07 11:45:00-05:00,19003.989421090097
2025-03-07 11:50:00-05:00,19005.21251417101
2025-03-07 11:55:00-05:00,19030.098655617996
2025-03-07 12:00:00-05:00,19029.58335626632
2025-03-07 12:05:00-05:00,19002.76485038277
2025-03-07 12:10:00-05:00,19022.386136916695
2025-03-07 12:15:00-05:00,18994.984993412105
2025-03-07 12:20:00-05:00,19028.721542503445
2025-03-07 12:25:00-05:00,19041.51381564791
2025-03-07 12:30:00-05:00,19077.80858460677
2025-03-07 12:35:00-05:00,19091.929238588473
2025-03-07 12:40:00-05:00,19127.673071229416
2025-03-07 12:45:00-05:00,19145.96752421357
2025-03-07 12:50:00-05:00,19178.08676709729
2025-03-07 12:55:00-05:00,19114.9487041042
2025-03-07 13:00:00-05:00,19172.320199047037
2025-03-07 13:05:00-05:00,19173.118751420825
2025-03-07 13:10:00-05:00,19195.61927008202
2025-03-07 13:15:00-05:00,19198.004478680406
2025-03-07 13:20:00-05:00,19171.191362717847
2025-03-07 13:25:00-05:00,19164.922639972494
2025-03-07 13:30:00-05:00,19168.505156555533
2025-03-07 13:35:00-05:00,19218.583812839315
2025-03-07 13:40:00-05:00,19203.61841146886
2025-03-07 13:45:00-05:00,19207.620731137962
2025-03-07 13:50:00-05:00,19224.57624156441
2025-03-07 13:55:00-05:00,19230.40817778808
2025-03-07 14:00:00-05:00,19247.283811058438
2025-03-07 14:05:00-05:00,19209.254096201814
2025-03-07 14:10:00-05:00,19225.681511955565
2025-03-07 14:15:00-05:00,19242.461775378797
2025-03-07 14:20:00-05:00,19270.378616875096
2025-03-07 14:25:00-05:00,19255.54516752719
2025-03-07 14:30:00-05:00,19248.680910313327
2025-03-07 14:35:00-05:00,19253.98891643668
2025-03-07 14:40:00-05:00,19241.184806222056
2025-03-07 14:45:00-05:00,19217.36278843547
2025-03-07 14:50:00-05:00,19221.532414055164
2025-03-07 14:55:00-05:00,19215.7420274993
2025-03-07 15:00:00-05:00,19212.28853811404
2025-03-07 15:05:00-05:00,19241.694542597903
2025-03-07 15:10:00-05:00,19234.739770914228
2025-03-07 15:15:00-05:00,19247.82476625794
2025-03-07 15:20:00-05:00,19224.673432940122
2025-03-07 15:25:00-05:00,19236.543651236192
2025-03-07 15:30:00-05:00,19238.054442645367
2025-03-07 15:35:00-05:00,19185.75408697584
2025-03-07 15:40:00-05:00,19205.054670448535
2025-03-07 15:45:00-05:00,19237.6558719479
2025-03-07 15:50:00-05:00,19257.259204707872
2025-03-07 15:55:00-05:00,20233.917359266638
2025-03-10 09:30:00-04:00,20078.430818940386
2025-03-10 09:35:00-04:00,20115.0063889528
2025-03-10 09:40:00-04:00,20130.430617131857
2025-03-10 09:45:00-04:00,20132.01024622191
2025-03-10 09:50:00-04:00,20119.8493947459
2025-03-10 09:55:00-04:00,20139.71732839701
2025-03-10 10:00:00-04:00,20115.068036989975
2025-03-10 10:05:00-04:00,20112.98638217297
2025-03-10 10:10:00-04:00,20141.381953347813
2025-03-10 10:15:00-04:00,20123.612584899245
2025-03-10 10:20:00-04:00,20144.56528228322
2025-03-10 10:25:00-04:00,20135.346021349324
2025-03-10 10:30:00-04:00,20102.404593637868
2025-03-10 10:35:00-04:00,20111.741426487497
2025-03-10 10:40:00-04:00,20114.18966941065
2025-03-10 10:45:00-04:00,20128.91253377943
2025-03-10 10:50:00-04:00,20106.269990517427
2025-03-10 10:55:00-04:00,20130.9298187084
2025-03-10 11:00:00-04:00,20158.64689922122
2025-03-10 11:05:00-04:00,20161.452003746588
2025-03-10 11:10:00-04:00,20157.394576841445
2025-03-10 11:15:00-04:00,20131.238406380635
2025-03-10 11:20:00-04:00,20139.751370926264
2025-03-10 11:25:00-04:00,20130.25470680672
2025-03-10 11:30:00-04:00,20144.629399054582
2025-03-10 11:35:00-04:00,20123.394937302117
2025-03-10 11:40:00-04:00,20073.25370523777
2025-03-10 11:45:00-04:00,20096.14662402438
2025-03-10 11:50:00-04:00,20085.884893426923
2025-03-10 11:55:00-04:00,20078.357398920543
2025-03-10 12:00:00-04:00,20068.794986730565
2025-03-10 12:05:00-04:00,20073.88776494193
2025-03-10 12:10:00-04:00,20093.478816677823
2025-03-10 12:15:00-04:00,20045.80315851222
2025-03-10 12:20:00-04:00,20043.72368718911
2025-03-10 12:25:00-04:00,20061.170664111592
2025-03-10 12:30:00-04:00,20091.12232038869
2025-03-10 12:35:00-04:00,20048.455080403583
2025-03-10 12:40:00-04:00,20062.44497793256
2025-03-10 12:45:00-04:00,20067.539468051014
2025-03-10 12:50:00-04:00,20063.167984792628
2025-03-10 12:55:00-04:00,20049.897477652474
2025-03-10 13:00:00-04:00,20023.758011093432
2025-03-10 13:05:00-04:00,20018.517027485806
2025-03-10 13:10:00-04:00,20018.433477584094
2025-03-10 13:15:00-04:00,20006.536074572356
2025-03-10 13:20:00-04:00,20020.380770133193
2025-03-10 13:25:00-04:00,19999.73663128654
2025-03-10 13:30:00-04:00,19980.849824980047
2025-03-10 13:35:00-04:00,19969.2011180924
2025-03-10 13:40:00-04:00,19963.59092658556
2025-03-10 13:45:00-04:00,19958.76625263109
2025-03-10 13:50:00-04:00,19962.584740724484
2025-03-10 13:55:00-04:00,19949.028594377138
2025-03-10 14:00:00-04:00,19937.0315716057
2025-03-10 14:05:00-04:00,19933.576998310124
2025-03-10 14:10:00-04:00,19931.230989049025
2025-03-10 14:15:00-04:00,19930.657673055186
2025-03-10 14:20:00-04:00,19932.628924680503
2025-03-10 14:25:00-04:00,19915.666255537915
2025-03-10 14:30:00-04:00,19908.86376183446
2025-03-10 14:35:00-04:00,19893.79161527894
2025-03-10 14:40:00-04:00,19887.5924798208
2025-03-10 14:45:00-04:00,19875.531373757953
2025-03-10 14:50:00-04:00,19848.86106272223
2025-03-10 14:55:00-04:00,19828.725491272682
2025-03-10 15:00:00-04:00,19810.715608781447
2025-03-10 15:05:00-04:00,19787.27311356164
2025-03-10 15:10:00-04:00,19822.049354003862
2025-03-10 15:15:00-04:00,19856.949929297938
2025-03-10 15:20:00-04:00,19874.404914134597
2025-03-10 15:25:00-04:00,19875.722880133682
2025-03-10 15:30:00-04:00,19937.645579878506
2025-03-10 15:35:00-04:00,19913.898332589983
2025-03-10 15:40:00-04:00,19874.912522361898
2025-03-10 15:45:00-04:00,19908.857450657055
2025-03-10 15:50:00-04:00,19905.118944182224
2025-03-10 15:55:00-04:00,19895.88684031889
2025-03-11 09:30:00-04:00,19751.142787242436
2025-03-11 09:35:00-04:00,19759.997167737
2025-03-11 09:40:00-04:00,19749.800498018583
2025-03-11 09:45:00-04:00,19757.18739832612
2025-03-11 09:50:00-04:00,19707.73883658242
2025-03-11 09:55:00-04:00,19696.221857115415
2025-03-11 10:00:00-04:00,19635.612576049018
2025-03-11 10:05:00-04:00,19678.251308096118
2025-03-11 10:10:00-04:00,19640.755741601057
2025-03-11 10:15:00-04:00,19645.40979449199
2025-03-11 10:20:00-04:00,19638.166386442987
2025-03-11 10:25:00-04:00,19621.85089752686
2025-03-11 10:30:00-04:00,19638.641128588875
2025-03-11 10:35:00-04:00,19597.709867513357
2025-03-11 10:40:00-04:00,19595.986135980675
2025-03-11 10:45:00-04:00,19599.150642614448
2025-03-11 10:50:00-04:00,19625.413416847594
2025-03-11 10:55:00-04:00,19569.860172130673
2025-03-11 11:00:00-04:00,19560.310051760363
2025-03-11 11:05:00-04:00,19642.999257264066
2025-03-11 11:10:00-04:00,19636.691254759666
2025-03-11 11:15:00-04:00,19663.151838346006
2025-03-11 11:20:00-04:00,19631.798027138575
2025-03-11 11:25:00-04:00,19618.235483209846
2025-03-11 11:30:00-04:00,19649.61627860022
2025-03-11 11:35:00-04:00,19654.889370945686
2025-03-11 11:40:00-04:00,19687.273168047992
2025-03-11 11:45:00-04:00,19686.133570916587
2025-03-11 11:50:00-04:00,19674.42700464826
2025-03-11 11:55:00-04:00,19626.19854311202
2025-03-11 12:00:00-04:00,19613.39034684316
2025-03-11 12:05:00-04:00,19593.36720644131
2025-03-11 12:10:00-04:00,19555.13887176165
2025-03-11 12:15:00-04:00,19570.61891337333
2025-03-11 12:20:00-04:00,19581.94968329814
2025-03-11 12:25:00-04:00,19585.940804663103
2025-03-11 12:30:00-04:00,19589.35500840714
2025-03-11 12:35:00-04:00,19554.836017011447
2025-03-11 12:40:00-04:00,19557.72585092616
2025-03-11 12:45:00-04:00,19567.76490402835
2025-03-11 12:50:00-04:00,19536.578419914895
2025-03-11 12:55:00-04:00,19534.887484149713
2025-03-11 13:00:00-04:00,19523.037465076966
2025-03-11 13:05:00-04:00,19513.173944423535
2025-03-11 13:10:00-04:00,19510.034061926686
2025-03-11 13:15:00-04:00,19521.167318338346
2025-03-11 13:20:00-04:00,19508.796114103236
2025-03-11 13:25:00-04:00,19499.332784175942
2025-03-11 13:30:00-04:00,19508.618115776815
2025-03-11 13:35:00-04:00,19511.98329552403
2025-03-11 13:40:00-04:00,19529.08506903487
2025-03-11 13:45:00-04:00,19543.089395587813
2025-03-11 13:50:00-04:00,19546.069300029318
2025-03-11 13:55:00-04:00,19529.7818195694
2025-03-11 14:00:00-04:00,19580.413410555702
2025-03-11 14:05:00-04:00,19592.9267916508
2025-03-11 14:10:00-04:00,19622.584535620063
2025-03-11 14:15:00-04:00,19621.409368223725
2025-03-11 14:20:00-04:00,19647.867229686126
2025-03-11 14:25:00-04:00,19647.130665503326
2025-03-11 14:30:00-04:00,19626.135932783287
2025-03-11 14:35:00-04:00,19654.598395350484
2025-03-11 14:40:00-04:00,19710.74447526794
2025-03-11 14:45:00-04:00,19718.447778881313
2025-03-11 14:50:00-04:00,19738.87427197719
2025-03-11 14:55:00-04:00,19729.623860739324
2025-03-11 15:00:00-04:00,19716.839574159534
2025-03-11 15:05:00-04:00,19742.33595471342
2025-03-11 15:10:00-04:00,19710.27090544273
2025-03-11 15:15:00-04:00,19696.81437362682
2025-03-11 15:20:00-04:00,19675.382144619616
2025-03-11 15:25:00-04:00,19685.4185273707
2025-03-11 15:30:00-04:00,19686.242600068294
2025-03-11 15:35:00-04:00,19681.909113789603
2025-03-11 15:40:00-04:00,19701.480927621073
2025-03-11 15:45:00-04:00,19702.78878582901
2025-03-11 15:50:00-04:00,19643.088050187085
2025-03-11 15:55:00-04:00,19602.29409831753
2025-03-12 09:30:00-04:00,19637.362035833587
2025-03-12 09:35:00-04:00,19618.261277267353
2025-03-12 09:40:00-04:00,19575.06195534495
2025-03-12 09:45:00-04:00,19558.803361718292
2025-03-12 09:50:00-04:00,19521.109270052642
2025-03-12 09:55:00-04:00,19516.41838342083
2025-03-12 10:00:00-04:00,19497.52584125017
2025-03-12 10:05:00-04:00,19508.56386401894
2025-03-12 10:10:00-04:00,19515.66068179917
2025-03-12 10:15:00-04:00,19506.019338278325
2025-03-12 10:20:00-04:00,19480.032628575293
2025-03-12 10:25:00-04:00,19503.80091115889
2025-03-12 10:30:00-04:00,19472.443186361303
2025-03-12 10:35:00-04:00,19454.474002642484
2025-03-12 10:40:00-04:00,19426.03509080318
2025-03-12 10:45:00-04:00,19405.62836149924
2025-03-12 10:50:00-04:00,19440.984369126872
2025-03-12 10:55:00-04:00,19401.01876264032
2025-03-12 11:00:00-04:00,19402.500477797923
2025-03-12 11:05:00-04:00,19394.561251251882
2025-03-12 11:10:00-04:00,19403.963139851607
2025-03-12 11:15:00-04:00,19411.18329358958
2025-03-12 11:20:00-04:00,19429.791716728763
2025-03-12 11:25:00-04:00,19454.086901383875
2025-03-12 11:30:00-04:00,19464.824484510325
2025-03-12 11:35:00-04:00,19467.75857780761
2025-03-12 11:40:00-04:00,19469.77105033657
2025-03-12 11:45:00-04:00,19495.776217311482
2025-03-12 11:50:00-04:00,19509.44900281807
2025-03-12 11:55:00-04:00,19515.96091214128
2025-03-12 12:00:00-04:00,19504.035232835206
2025-03-12 12:05:00-04:00,19523.530495615054
2025-03-12 12:10:00-04:00,19547.941702300133
2025-03-12 12:15:00-04:00,19545.402451855996
2025-03-12 12:20:00-04:00,19552.121594127988
2025-03-12 12:25:00-04:00,19541.400124292737
2025-03-12 12:30:00-04:00,19570.202977880017
2025-03-12 12:35:00-04:00,19544.01147746597
2025-03-12 12:40:00-04:00,19509.088650226357
2025-03-12 12:45:00-04:00,19553.553564364538
2025-03-12 12:50:00-04:00,19543.35797580076
2025-03-12 12:55:00-04:00,19510.37546073954
2025-03-12 13:00:00-04:00,19518.239285731554
2025-03-12 13:05:00-04:00,19535.19271032322
2025-03-12 13:10:00-04:00,19560.470906404866
2025-03-12 13:15:00-04:00,19555.505990300735
2025-03-12 13:20:00-04:00,19577.395647575235
2025-03-12 13:25:00-04:00,19596.0766893223
2025-03-12 13:30:00-04:00,19590.378150448512
2025-03-12 13:35:00-04:00,19588.864649000752
2025-03-12 13:40:00-04:00,19588.48444666312
2025-03-12 13:45:00-04:00,19581.48711238573
2025-03-12 13:50:00-04:00,19559.752138549044
2025-03-12 13:55:00-04:00,19519.181600144584
2025-03-12 14:00:00-04:00,19535.89400222194
2025-03-12 14:05:00-04:00,19536.43584797547
2025-03-12 14:10:00-04:00,19555.952880651654
2025-03-12 14:15:00-04:00,19556.515180601487
2025-03-12 14:20:00-04:00,19555.562110023948
2025-03-12 14:25:00-04:00,19574.000751750165
2025-03-12 14:30:00-04:00,19582.990017844164
2025-03-12 14:35:00-04:00,19579.530594478438
2025-03-12 14:40:00-04:00,19603.4552272147
2025-03-12 14:45:00-04:00,19615.69723066609
2025-03-12 14:50:00-04:00,19600.106546618063
2025-03-12 14:55:00-04:00,19603.335397148992
2025-03-12 15:00:00-04:00,19582.084381840396
2025-03-12 15:05:00-04:00,19580.091618547103
2025-03-12 15:10:00-04:00,19564.10047087316
2025-03-12 15:15:00-04:00,19574.768838531963
2025-03-12 15:20:00-04:00,19550.732037790505
2025-03-12 15:25:00-04:00,19558.998678725915
2025-03-12 15:30:00-04:00,19547.694675994564
2025-03-12 15:35:00-04:00,19550.225145456814
2025-03-12 15:40:00-04:00,19565.622904521268
2025-03-12 15:45:00-04:00,19563.099543942157
2025-03-12 15:50:00-04:00,19552.98202323242
2025-03-12 15:55:00-04:00,19528.39327527459
2025-03-13 09:30:00-04:00,19523.881098703234
2025-03-13 09:35:00-04:00,19517.03360328177
2025-03-13 09:40:00-04:00,19514.120337419514
2025-03-13 09:45:00-04:00,19493.86429739683
2025-03-13 09:50:00-04:00,19480.92512234491
2025-03-13 09:55:00-04:00,19484.082989357463
2025-03-13 10:00:00-04:00,19489.230447349175
2025-03-13 10:05:00-04:00,19504.947134773647
2025-03-13 10:10:00-04:00,19541.620898748595
2025-03-13 10:15:00-04:00,19540.20516286052
2025-03-13 10:20:00-04:00,19526.92706780181
2025-03-13 10:25:00-04:00,19505.339981124023
2025-03-13 10:30:00-04:00,19507.88290941048
2025-03-13 10:35:00-04:00,19481.328387145168
2025-03-13 10:40:00-04:00,19488.212625937944
2025-03-13 10:45:00-04:00,19466.43342520998
2025-03-13 10:50:00-04:00,19473.44822904492
2025-03-13 10:55:00-04:00,19457.47301048107
2025-03-13 11:00:00-04:00,19465.3136038602
2025-03-13 11:05:00-04:00,19431.74946066433
2025-03-13 11:10:00-04:00,19426.21073394728
2025-03-13 11:15:00-04:00,19425.55980195702
2025-03-13 11:20:00-04:00,19416.37642933722
2025-03-13 11:25:00-04:00,19405.914176429193
2025-03-13 11:30:00-04:00,19408.882388128925
2025-03-13 11:35:00-04:00,19370.49663676146
2025-03-13 11:40:00-04:00,19400.89709761258
2025-03-13 11:45:00-04:00,19395.057546339885
2025-03-13 11:50:00-04:00,19358.69800102361
2025-03-13 11:55:00-04:00,19342.545183269853
2025-03-13 12:00:00-04:00,19363.924547501923
2025-03-13 12:05:00-04:00,19382.154977267368
2025-03-13 12:10:00-04:00,19365.311993595533
2025-03-13 12:15:00-04:00,19364.251335276156
2025-03-13 12:20:00-04:00,19340.84358662527
2025-03-13 12:25:00-04:00,19336.202334199388
2025-03-13 12:30:00-04:00,19371.00826202748
2025-03-13 12:35:00-04:00,19386.07691410827
2025-03-13 12:40:00-04:00,19357.598805796082
2025-03-13 12:45:00-04:00,19326.055886835828
2025-03-13 12:50:00-04:00,19327.501344103362
2025-03-13 12:55:00-04:00,19345.61309305112
2025-03-13 13:00:00-04:00,19352.067739060712
2025-03-13 13:05:00-04:00,19332.27573129257
2025-03-13 13:10:00-04:00,19321.517273080335
2025-03-13 13:15:00-04:00,19300.201989403933
2025-03-13 13:20:00-04:00,19303.17568625136
2025-03-13 13:25:00-04:00,19308.61609109103
2025-03-13 13:30:00-04:00,19280.75701913839
2025-03-13 13:35:00-04:00,19268.589387985547
2025-03-13 13:40:00-04:00,19265.217506526817
2025-03-13 13:45:00-04:00,19258.151674970522
2025-03-13 13:50:00-04:00,19280.908915543387
2025-03-13 13:55:00-04:00,19261.42919029658
2025-03-13 14:00:00-04:00,19296.326997818516
2025-03-13 14:05:00-04:00,19314.715568514082
2025-03-13 14:10:00-04:00,19342.92248029626
2025-03-13 14:15:00-04:00,19323.229307810252
2025-03-13 14:20:00-04:00,19335.791673497755
2025-03-13 14:25:00-04:00,19345.089185568904
2025-03-13 14:30:00-04:00,19353.628277764954
2025-03-13 14:35:00-04:00,19365.72848620638
2025-03-13 14:40:00-04:00,19381.78948984613
2025-03-13 14:45:00-04:00,19384.417580243036
2025-03-13 14:50:00-04:00,19374.630100472114
2025-03-13 14:55:00-04:00,19384.54275466223
2025-03-13 15:00:00-04:00,19370.91913969645
2025-03-13 15:05:00-04:00,19347.989579557863
2025-03-13 15:10:00-04:00,19362.009656765033
2025-03-13 15:15:00-04:00,19372.187735411426
2025-03-13 15:20:00-04:00,19353.400214727186
2025-03-13 15:25:00-04:00,19329.484412814807
2025-03-13 15:30:00-04:00,19339.830818072554
2025-03-13 15:35:00-04:00,19303.04044618188
2025-03-13 15:40:00-04:00,19327.481503924973
2025-03-13 15:45:00-04:00,19329.768897660342
2025-03-13 15:50:00-04:00,19314.19046818455
2025-03-13 15:55:00-04:00,19329.049539250307
2025-03-14 09:30:00-04:00,19371.981359450605
2025-03-14 09:35:00-04:00,19406.703796814105
2025-03-14 09:40:00-04:00,19444.879979445675
2025-03-14 09:45:00-04:00,19474.31662956462
2025-03-14 09:50:00-04:00,19496.480867171704
2025-03-14 09:55:00-04:00,19470.973044513485
2025-03-14 10:00:00-04:00,19451.805148238072
2025-03-14 10:05:00-04:00,19431.312731804595
2025-03-14 10:10:00-04:00,19414.553128435447
2025-03-14 10:15:00-04:00,19406.594105607957
2025-03-14 10:20:00-04:00,19418.91349918366
2025-03-14 10:25:00-04:00,19424.04567801161
2025-03-14 10:30:00-04:00,19436.57330565242
2025-03-14 10:35:00-04:00,19459.468089068174
2025-03-14 10:40:00-04:00,19457.173960681415
2025-03-14 10:45:00-04:00,19465.380008650234
2025-03-14 10:50:00-04:00,19482.76786823043
2025-03-14 10:55:00-04:00,19517.539954285392
2025-03-14 11:00:00-04:00,19504.074773800272
2025-03-14 11:05:00-04:00,19504.25705311429
2025-03-14 11:10:00-04:00,19514.9693595365
2025-03-14 11:15:00-04:00,19527.046534997397
2025-03-14 11:20:00-04:00,19535.365769724496
2025-03-14 11:25:00-04:00,19523.776488022755
2025-03-14 11:30:00-04:00,19536.757436898537
2025-03-14 11:35:00-04:00,19528.96850774359
2025-03-14 11:40:00-04:00,19542.75179564184
2025-03-14 11:45:00-04:00,19536.029071919635
2025-03-14 11:50:00-04:00,19540.23844070157
2025-03-14 11:55:00-04:00,19555.130801143452
2025-03-14 12:00:00-04:00,19542.796892318136
2025-03-14 12:05:00-04:00,19531.35064964256
2025-03-14 12:10:00-04:00,19520.63574941639
2025-03-14 12:15:00-04:00,19503.330040037305
2025-03-14 12:20:00-04:00,19521.805793255953
2025-03-14 12:25:00-04:00,19500.97712795327
2025-03-14 12:30:00-04:00,19515.983694652194
2025-03-14 12:35:00-04:00,19521.57698938429
2025-03-14 12:40:00-04:00,19538.7981415989
2025-03-14 12:45:00-04:00,19539.224470854362
2025-03-14 12:50:00-04:00,19559.389772814626
2025-03-14 12:55:00-04:00,19557.191432152096
2025-03-14 13:00:00-04:00,19566.338001030126
2025-03-14 13:05:00-04:00,19574.675322214272
2025-03-14 13:10:00-04:00,19555.84840654128
2025-03-14 13:15:00-04:00,19552.11335795882
2025-03-14 13:20:00-04:00,19550.67278193255
2025-03-14 13:25:00-04:00,19540.660237382846
2025-03-14 13:30:00-04:00,19536.03849374652
2025-03-14 13:35:00-04:00,19543.419708974332
2025-03-14 13:40:00-04:00,19520.783093904014
2025-03-14 13:45:00-04:00,19517.39544580035
2025-03-14 13:50:00-04:00,19525.483410270645
2025-03-14 13:55:00-04:00,19508.214127543582
2025-03-14 14:00:00-04:00,19536.053957056414
2025-03-14 14:05:00-04:00,19535.82811259653
2025-03-14 14:10:00-04:00,19522.48378389997
2025-03-14 14:15:00-04:00,19522.67755818529
2025-03-14 14:20:00-04:00,19511.062414559612
2025-03-14 14:25:00-04:00,19519.275389232138
2025-03-14 14:30:00-04:00,19543.075513681455
2025-03-14 14:35:00-04:00,19559.24684199163
2025-03-14 14:40:00-04:00,19554.088636087698
2025-03-14 14:45:00-04:00,19557.971539397702
2025-03-14 14:50:00-04:00,19551.155296244724
2025-03-14 14:55:00-04:00,19547.74162195025
2025-03-14 15:00:00-04:00,19556.000788967773
2025-03-14 15:05:00-04:00,19562.6925227691
2025-03-14 15:10:00-04:00,19573.35487505753
2025-03-14 15:15:00-04:00,19560.703375509882
2025-03-14 15:20:00-04:00,19559.270173645018
2025-03-14 15:25:00-04:00,19553.71945125403
2025-03-14 15:30:00-04:00,19554.129070992338
2025-03-14 15:35:00-04:00,19541.503456462677
2025-03-14 15:40:00-04:00,19553.584900969814
2025-03-14 15:45:00-04:00,19564.567790824905
2025-03-14 15:50:00-04:00,19594.818077470176
2025-03-14 15:55:00-04:00,20576.193677572453
2025-03-17 09:30:00-04:00,20637.6722006765
2025-03-17 09:35:00-04:00,20657.061756239473
2025-03-17 09:40:00-04:00,20696.18940992387
2025-03-17 09:45:00-04:00,20678.19106003888
2025-03-17 09:50:00-04:00,20698.883834310134
2025-03-17 09:55:00-04:00,20685.396540643687
2025-03-17 10:00:00-04:00,20651.120837416245
2025-03-17 10:05:00-04:00,20674.8626455177
2025-03-17 10:10:00-04:00,20689.50608043803
2025-03-17 10:15:00-04:00,20691.967971317605
2025-03-17 10:20:00-04:00,20704.970289275294
2025-03-17 10:25:00-04:00,20688.6715422107
2025-03-17 10:30:00-04:00,20687.79453491894
2025-03-17 10:35:00-04:00,20704.691686044705
2025-03-17 10:40:00-04:00,20712.82681422649
2025-03-17 10:45:00-04:00,20702.36274019127
2025-03-17 10:50:00-04:00,20681.31705358372
2025-03-17 10:55:00-04:00,20669.47092951778
2025-03-17 11:00:00-04:00,20673.133554857774
2025-03-17 11:05:00-04:00,20672.274746146202
2025-03-17 11:10:00-04:00,20687.05551474775
2025-03-17 11:15:00-04:00,20699.677130614906
2025-03-17 11:20:00-04:00,20700.931153295372
2025-03-17 11:25:00-04:00,20684.549312764506
2025-03-17 11:30:00-04:00,20651.27794817317
2025-03-17 11:35:00-04:00,20647.61305491724
2025-03-17 11:40:00-04:00,20657.342463473266
2025-03-17 11:45:00-04:00,20668.958299219565
2025-03-17 11:50:00-04:00,20678.97153126526
2025-03-17 11:55:00-04:00,20670.099896448766
2025-03-17 12:00:00-04:00,20678.12114979893
2025-03-17 12:05:00-04:00,20699.43202674694
2025-03-17 12:10:00-04:00,20696.68852903235
2025-03-17 12:15:00-04:00,20679.13274631536
2025-03-17 12:20:00-04:00,20676.54471117615
2025-03-17 12:25:00-04:00,20680.080334020397
2025-03-17 12:30:00-04:00,20683.63384641252
2025-03-17 12:35:00-04:00,20689.098089423143
2025-03-17 12:40:00-04:00,20679.390865001882
2025-03-17 12:45:00-04:00,20688.952443080514
2025-03-17 12:50:00-04:00,20704.867691307467
2025-03-17 12:55:00-04:00,20705.219594346203
2025-03-17 13:00:00-04:00,20689.005467383457
2025-03-17 13:05:00-04:00,20708.23668814034
2025-03-17 13:10:00-04:00,20722.75245898213
2025-03-17 13:15:00-04:00,20718.37843164003
2025-03-17 13:20:00-04:00,20724.789502380172
2025-03-17 13:25:00-04:00,20731.487256192388
2025-03-17 13:30:00-04:00,20742.298019023416
2025-03-17 13:35:00-04:00,20761.448916298123
2025-03-17 13:40:00-04:00,20767.83311789923
2025-03-17 13:45:00-04:00,20762.361602662153
2025-03-17 13:50:00-04:00,20774.77732627339
2025-03-17 13:55:00-04:00,20779.09407750546
2025-03-17 14:00:00-04:00,20789.093125784457
2025-03-17 14:05:00-04:00,20799.77184429583
2025-03-17 14:10:00-04:00,20812.588326770245
2025-03-17 14:15:00-04:00,20809.35568435225
2025-03-17 14:20:00-04:00,20804.13428749533
2025-03-17 14:25:00-04:00,20804.210967699943
2025-03-17 14:30:00-04:00,20811.010641404253
2025-03-17 14:35:00-04:00,20806.732387539083
2025-03-17 14:40:00-04:00,20809.085927037195
2025-03-17 14:45:00-04:00,20819.47915249784
2025-03-17 14:50:00-04:00,20823.771479484836
2025-03-17 14:55:00-04:00,20814.156777924007
2025-03-17 15:00:00-04:00,20804.52341366401
2025-03-17 15:05:00-04:00,20799.27337641342
2025-03-17 15:10:00-04:00,20796.134256037367
2025-03-17 15:15:00-04:00,20799.73007941134
2025-03-17 15:20:00-04:00,20804.57750403847
2025-03-17 15:25:00-04:00,20817.368496681105
2025-03-17 15:30:00-04:00,20810.0410917602
2025-03-17 15:35:00-04:00,20803.226129107537
2025-03-17 15:40:00-04:00,20814.116550135765
2025-03-17 15:45:00-04:00,20808.08164295641
2025-03-17 15:50:00-04:00,20795.75386950022
2025-03-17 15:55:00-04:00,20760.52696310933
2025-03-18 09:30:00-04:00,20703.96388782227
2025-03-18 09:35:00-04:00,20680.50437715524
2025-03-18 09:40:00-04:00,20665.01647736372
2025-03-18 09:45:00-04:00,20662.841225420496
2025-03-18 09:50:00-04:00,20656.64467654664
2025-03-18 09:55:00-04:00,20656.49739799517
2025-03-18 10:00:00-04:00,20658.042324749
2025-03-18 10:05:00-04:00,20670.123398154075
2025-03-18 10:10:00-04:00,20659.12257697363
2025-03-18 10:15:00-04:00,20656.587328545847
2025-03-18 10:20:00-04:00,20669.306305543443
2025-03-18 10:25:00-04:00,20674.613433159728
2025-03-18 10:30:00-04:00,20674.72571971151
2025-03-18 10:35:00-04:00,20686.024545890545
2025-03-18 10:40:00-04:00,20667.208423032298
2025-03-18 10:45:00-04:00,20641.98474183264
2025-03-18 10:50:00-04:00,20653.995911314396
2025-03-18 10:55:00-04:00,20638.218579675962
2025-03-18 11:00:00-04:00,20629.206866812547
2025-03-18 11:05:00-04:00,20614.990985579134
2025-03-18 11:10:00-04:00,20619.410250783134
2025-03-18 11:15:00-04:00,20609.991593360468
2025-03-18 11:20:00-04:00,20591.270795678014
2025-03-18 11:25:00-04:00,20596.795579760746
2025-03-18 11:30:00-04:00,20597.24149814531
2025-03-18 11:35:00-04:00,20611.47261551933
2025-03-18 11:40:00-04:00,20606.477368711283
2025-03-18 11:45:00-04:00,20591.238443887243
2025-03-18 11:50:00-04:00,20578.956748674304
2025-03-18 11:55:00-04:00,20577.95040022723
2025-03-18 12:00:00-04:00,20589.417325679464
2025-03-18 12:05:00-04:00,20587.297285544108
2025-03-18 12:10:00-04:00,20608.942049900554
2025-03-18 12:15:00-04:00,20590.14851243562
2025-03-18 12:20:00-04:00,20599.826312952657
2025-03-18 12:25:00-04:00,20623.01692303528
2025-03-18 12:30:00-04:00,20611.751368292524
2025-03-18 12:35:00-04:00,20604.916243037336
2025-03-18 12:40:00-04:00,20576.188467278345
2025-03-18 12:45:00-04:00,20570.887922760012
2025-03-18 12:50:00-04:00,20571.50102234081
2025-03-18 12:55:00-04:00,20584.778280941635
2025-03-18 13:00:00-04:00,20589.473750799174
2025-03-18 13:05:00-04:00,20571.052147607632
2025-03-18 13:10:00-04:00,20591.79397762785
2025-03-18 13:15:00-04:00,20570.796194569968
2025-03-18 13:20:00-04:00,20602.231303659857
2025-03-18 13:25:00-04:00,20604.95986094335
2025-03-18 13:30:00-04:00,20622.521832010865
2025-03-18 13:35:00-04:00,20636.877556682688
2025-03-18 13:40:00-04:00,20633.578202151002
2025-03-18 13:45:00-04:00,20638.582308821806
2025-03-18 13:50:00-04:00,20639.322602903052
2025-03-18 13:55:00-04:00,20627.817640602803
2025-03-18 14:00:00-04:00,20613.72812192208
2025-03-18 14:05:00-04:00,20624.82740805985
2025-03-18 14:10:00-04:00,20614.52341729016
2025-03-18 14:15:00-04:00,20632.810345907732
2025-03-18 14:20:00-04:00,20649.202521263258
2025-03-18 14:25:00-04:00,20627.320987083276
2025-03-18 14:30:00-04:00,20636.234375925014
2025-03-18 14:35:00-04:00,20650.162665375283
2025-03-18 14:40:00-04:00,20635.939338832373
2025-03-18 14:45:00-04:00,20652.332036178006
2025-03-18 14:50:00-04:00,20651.32547286264
2025-03-18 14:55:00-04:00,20644.746622083
2025-03-18 15:00:00-04:00,20633.65643060912
2025-03-18 15:05:00-04:00,20632.37930197677
2025-03-18 15:10:00-04:00,20642.908687873412
2025-03-18 15:15:00-04:00,20654.583242489833
2025-03-18 15:20:00-04:00,20661.49593753237
2025-03-18 15:25:00-04:00,20655.04399684108
2025-03-18 15:30:00-04:00,20655.855371082067
2025-03-18 15:35:00-04:00,20652.125775313496
2025-03-18 15:40:00-04:00,20647.776300554793
2025-03-18 15:45:00-04:00,20631.126484088414
2025-03-18 15:50:00-04:00,20652.1159639417
2025-03-18 15:55:00-04:00,20642.09139697348
2025-03-19 09:30:00-04:00,20719.434644360783
2025-03-19 09:35:00-04:00,20728.28676810894
2025-03-19 09:40:00-04:00,20711.615338463613
2025-03-19 09:45:00-04:00,20740.04852831655
2025-03-19 09:50:00-04:00,20757.216107157947
2025-03-19 09:55:00-04:00,20750.617634696955
2025-03-19 10:00:00-04:00,20751.04704556304
2025-03-19 10:05:00-04:00,20759.59331301841
2025-03-19 10:10:00-04:00,20754.028783049587
2025-03-19 10:15:00-04:00,20767.921048226006
2025-03-19 10:20:00-04:00,20781.185456879473
2025-03-19 10:25:00-04:00,20771.46428766782
2025-03-19 10:30:00-04:00,20777.69006908985
2025-03-19 10:35:00-04:00,20770.292192729295
2025-03-19 10:40:00-04:00,20762.593510434734
2025-03-19 10:45:00-04:00,20767.504272783306
2025-03-19 10:50:00-04:00,20754.96120079874
2025-03-19 10:55:00-04:00,20754.801340790927
2025-03-19 11:00:00-04:00,20763.881992522885
2025-03-19 11:05:00-04:00,20765.52767900812
2025-03-19 11:10:00-04:00,20764.395941616513
2025-03-19 11:15:00-04:00,20737.51162472961
2025-03-19 11:20:00-04:00,20753.440615333
2025-03-19 11:25:00-04:00,20759.306481371874
2025-03-19 11:30:00-04:00,20763.723543960514
2025-03-19 11:35:00-04:00,20768.799458731828
2025-03-19 11:40:00-04:00,20772.224071968623
2025-03-19 11:45:00-04:00,20788.746705281035
2025-03-19 11:50:00-04:00,20809.30404474626
2025-03-19 11:55:00-04:00,20794.03241068206
2025-03-19 12:00:00-04:00,20799.640657859312
2025-03-19 12:05:00-04:00,20796.465668483354
2025-03-19 12:10:00-04:00,20777.87397818765
2025-03-19 12:15:00-04:00,20782.89205790335
2025-03-19 12:20:00-04:00,20771.739398038546
2025-03-19 12:25:00-04:00,20777.037325905956
2025-03-19 12:30:00-04:00,20769.120285277648
2025-03-19 12:35:00-04:00,20766.42024555815
2025-03-19 12:40:00-04:00,20765.851840355594
2025-03-19 12:45:00-04:00,20765.169096133013
2025-03-19 12:50:00-04:00,20770.191225446175
2025-03-19 12:55:00-04:00,20754.062682555148
2025-03-19 13:00:00-04:00,20735.68663355662
2025-03-19 13:05:00-04:00,20730.159820989855
2025-03-19 13:10:00-04:00,20715.560852190385
2025-03-19 13:15:00-04:00,20717.118344024424
2025-03-19 13:20:00-04:00,20711.863138915964
2025-03-19 13:25:00-04:00,20702.941814741203
2025-03-19 13:30:00-04:00,20702.219775482452
2025-03-19 13:35:00-04:00,20725.65571326162
2025-03-19 13:40:00-04:00,20706.238216796515
2025-03-19 13:45:00-04:00,20680.16126369764
2025-03-19 13:50:00-04:00,20692.54987098024
2025-03-19 13:55:00-04:00,20685.925449061113
2025-03-19 14:00:00-04:00,20725.09142561011
2025-03-19 14:05:00-04:00,20730.644815396532
2025-03-19 14:10:00-04:00,20742.136581261184
2025-03-19 14:15:00-04:00,20737.079828564827
2025-03-19 14:20:00-04:00,20736.966444030324
2025-03-19 14:25:00-04:00,20722.227262775286
2025-03-19 14:30:00-04:00,20757.969136948923
2025-03-19 14:35:00-04:00,20751.895432771962
2025-03-19 14:40:00-04:00,20796.041241755578
2025-03-19 14:45:00-04:00,20792.30931160178
2025-03-19 14:50:00-04:00,20828.622585018427
2025-03-19 14:55:00-04:00,20843.73043691217
2025-03-19 15:00:00-04:00,20858.679960150836
2025-03-19 15:05:00-04:00,20898.812005036132
2025-03-19 15:10:00-04:00,20893.61506973414
2025-03-19 15:15:00-04:00,20882.099978883347
2025-03-19 15:20:00-04:00,20857.993548199727
2025-03-19 15:25:00-04:00,20830.066054285035
2025-03-19 15:30:00-04:00,20859.699223347412
2025-03-19 15:35:00-04:00,20856.716409919314
2025-03-19 15:40:00-04:00,20874.466968235993
2025-03-19 15:45:00-04:00,20860.971055354275
2025-03-19 15:50:00-04:00,20831.957972640157
2025-03-19 15:55:00-04:00,20823.593117543223
2025-03-20 09:30:00-04:00,20719.16700937361
2025-03-20 09:35:00-04:00,20702.51554415038
2025-03-20 09:40:00-04:00,20736.22303167212
2025-03-20 09:45:00-04:00,20740.825278109074
2025-03-20 09:50:00-04:00,20763.893785859695
2025-03-20 09:55:00-04:00,20788.411820345842
2025-03-20 10:00:00-04:00,20823.43674227241
2025-03-20 10:05:00-04:00,20842.132400267747
2025-03-20 10:10:00-04:00,20850.45428716766
2025-03-20 10:15:00-04:00,20864.433294986724
2025-03-20 10:20:00-04:00,20886.95168284153
2025-03-20 10:25:00-04:00,20891.54031472257
2025-03-20 10:30:00-04:00,20883.47793472263
2025-03-20 10:35:00-04:00,20889.386415392106
2025-03-20 10:40:00-04:00,20906.864180149074
2025-03-20 10:45:00-04:00,20910.48343616971
2025-03-20 10:50:00-04:00,20900.075215276964
2025-03-20 10:55:00-04:00,20895.34081225657
2025-03-20 11:00:00-04:00,20895.297636856736
2025-03-20 11:05:00-04:00,20890.138770187677
2025-03-20 11:10:00-04:00,20879.234979447167
2025-03-20 11:15:00-04:00,20857.60406477634
2025-03-20 11:20:00-04:00,20860.464005657726
2025-03-20 11:25:00-04:00,20852.862360959054
2025-03-20 11:30:00-04:00,20837.009940974232
2025-03-20 11:35:00-04:00,20851.18095289839
2025-03-20 11:40:00-04:00,20873.089071003313
2025-03-20 11:45:00-04:00,20876.196985277707
2025-03-20 11:50:00-04:00,20873.761404056757
2025-03-20 11:55:00-04:00,20847.421394043187
2025-03-20 12:00:00-04:00,20858.471804930654
2025-03-20 12:05:00-04:00,20843.42815500585
2025-03-20 12:10:00-04:00,20840.068593892818
2025-03-20 12:15:00-04:00,20833.419501141765
2025-03-20 12:20:00-04:00,20820.423340433907
2025-03-20 12:25:00-04:00,20795.209742171213
2025-03-20 12:30:00-04:00,20798.06951524941
2025-03-20 12:35:00-04:00,20812.568630788996
2025-03-20 12:40:00-04:00,20799.180955591484
2025-03-20 12:45:00-04:00,20785.832316639437
2025-03-20 12:50:00-04:00,20805.874029015882
2025-03-20 12:55:00-04:00,20785.969477737475
2025-03-20 13:00:00-04:00,20800.897912522258
2025-03-20 13:05:00-04:00,20815.107546273553
2025-03-20 13:10:00-04:00,20809.40003301902
2025-03-20 13:15:00-04:00,20801.380258999787
2025-03-20 13:20:00-04:00,20771.343372242598
2025-03-20 13:25:00-04:00,20740.916252773713
2025-03-20 13:30:00-04:00,20759.72633411857
2025-03-20 13:35:00-04:00,20774.6322461214
2025-03-20 13:40:00-04:00,20770.70183261512
2025-03-20 13:45:00-04:00,20772.380396926004
2025-03-20 13:50:00-04:00,20754.83213883695
2025-03-20 13:55:00-04:00,20753.771556170384
2025-03-20 14:00:00-04:00,20755.954053328183
2025-03-20 14:05:00-04:00,20760.13308843792
2025-03-20 14:10:00-04:00,20767.489468554548
2025-03-20 14:15:00-04:00,20768.898278471366
2025-03-20 14:20:00-04:00,20756.037937258232
2025-03-20 14:25:00-04:00,20735.49451441855
2025-03-20 14:30:00-04:00,20727.8803808743
2025-03-20 14:35:00-04:00,20748.120352110604
2025-03-20 14:40:00-04:00,20739.246075517567
2025-03-20 14:45:00-04:00,20757.24191551252
2025-03-20 14:50:00-04:00,20785.465701935984
2025-03-20 14:55:00-04:00,20744.778049062643
2025-03-20 15:00:00-04:00,20760.0143377701
2025-03-20 15:05:00-04:00,20751.532110252465
2025-03-20 15:10:00-04:00,20766.976411321808
2025-03-20 15:15:00-04:00,20777.26859212341
2025-03-20 15:20:00-04:00,20787.479786173448
2025-03-20 15:25:00-04:00,20744.66682129
2025-03-20 15:30:00-04:00,20761.50883373603
2025-03-20 15:35:00-04:00,20755.518129978496
2025-03-20 15:40:00-04:00,20772.749235382456
2025-03-20 15:45:00-04:00,20791.74528663348
2025-03-20 15:50:00-04:00,20778.225972361888
2025-03-20 15:55:00-04:00,20770.233960928694
2025-03-21 09:30:00-04:00,20583.33888044403
2025-03-21 09:35:00-04:00,20566.126540810063
2025-03-21 09:40:00-04:00,20575.008250483817
2025-03-21 09:45:00-04:00,20570.78372828602
2025-03-21 09:50:00-04:00,20560.720099246093
2025-03-21 09:55:00-04:00,20575.033115158443
2025-03-21 10:00:00-04:00,20550.184974270207
2025-03-21 10:05:00-04:00,20527.715317830713
2025-03-21 10:10:00-04:00,20546.078685318553
2025-03-21 10:15:00-04:00,20568.25052126593
2025-03-21 10:20:00-04:00,20577.40054877946
2025-03-21 10:25:00-04:00,20578.106116132843
2025-03-21 10:30:00-04:00,20579.83657939753
2025-03-21 10:35:00-04:00,20573.607814118746
2025-03-21 10:40:00-04:00,20597.45650097518
2025-03-21 10:45:00-04:00,20600.628538386423
2025-03-21 10:50:00-04:00,20612.736247375986
2025-03-21 10:55:00-04:00,20645.814035901938
2025-03-21 11:00:00-04:00,20650.986645153527
2025-03-21 11:05:00-04:00,20667.422867716272
2025-03-21 11:10:00-04:00,20640.18078620404
2025-03-21 11:15:00-04:00,20639.892746498866
2025-03-21 11:20:00-04:00,20640.54066483085
2025-03-21 11:25:00-04:00,20628.407167853657
2025-03-21 11:30:00-04:00,20635.53991630185
2025-03-21 11:35:00-04:00,20635.01388238691
2025-03-21 11:40:00-04:00,20608.231086862015
2025-03-21 11:45:00-04:00,20612.714472885807
2025-03-21 11:50:00-04:00,20611.466287749234
2025-03-21 11:55:00-04:00,20619.61471335458
2025-03-21 12:00:00-04:00,20628.99902846121
2025-03-21 12:05:00-04:00,20650.599471745205
2025-03-21 12:10:00-04:00,20667.613403315318
2025-03-21 12:15:00-04:00,20694.380518776405
2025-03-21 12:20:00-04:00,20703.922992148986
2025-03-21 12:25:00-04:00,20708.246371665136
2025-03-21 12:30:00-04:00,20699.416004700965
2025-03-21 12:35:00-04:00,20700.573125701674
2025-03-21 12:40:00-04:00,20696.521802161828
2025-03-21 12:45:00-04:00,20726.864709295915
2025-03-21 12:50:00-04:00,20718.468780424926
2025-03-21 12:55:00-04:00,20749.27793293507
2025-03-21 13:00:00-04:00,20732.07244457508
2025-03-21 13:05:00-04:00,20744.067241080757
2025-03-21 13:10:00-04:00,20727.0588477473
2025-03-21 13:15:00-04:00,20715.910919843318
2025-03-21 13:20:00-04:00,20726.974834450575
2025-03-21 13:25:00-04:00,20700.119551344014
2025-03-21 13:30:00-04:00,20698.712582042717
2025-03-21 13:35:00-04:00,20716.96082067329
2025-03-21 13:40:00-04:00,20732.686679473238
2025-03-21 13:45:00-04:00,20753.55139138372
2025-03-21 13:50:00-04:00,20755.900661824777
2025-03-21 13:55:00-04:00,20733.65428837881
2025-03-21 14:00:00-04:00,20726.908214146722
2025-03-21 14:05:00-04:00,20714.482437983002
2025-03-21 14:10:00-04:00,20714.114024712668
2025-03-21 14:15:00-04:00,20721.84173844697
2025-03-21 14:20:00-04:00,20701.753116030955
2025-03-21 14:25:00-04:00,20688.225891504564
2025-03-21 14:30:00-04:00,20700.807997240223
2025-03-21 14:35:00-04:00,20716.98510275098
2025-03-21 14:40:00-04:00,20720.82057326646
2025-03-21 14:45:00-04:00,20710.380329930253
2025-03-21 14:50:00-04:00,20703.198519421738
2025-03-21 14:55:00-04:00,20700.988548166326
2025-03-21 15:00:00-04:00,20686.677155021946
2025-03-21 15:05:00-04:00,20683.16756207044
2025-03-21 15:10:00-04:00,20687.96695881476
2025-03-21 15:15:00-04:00,20690.33411209096
2025-03-21 15:20:00-04:00,20695.176125287726
2025-03-21 15:25:00-04:00,20684.810051567703
2025-03-21 15:30:00-04:00,20686.863420116755
2025-03-21 15:35:00-04:00,20697.638288981805
2025-03-21 15:40:00-04:00,20695.72108957194
2025-03-21 15:45:00-04:00,20695.34900053777
2025-03-21 15:50:00-04:00,20720.64622745128
2025-03-21 15:55:00-04:00,21748.029637036158
2025-03-24 09:30:00-04:00,21933.43410296383
2025-03-24 09:35:00-04:00,21929.426375935713
2025-03-24 09:40:00-04:00,21946.041106235116
2025-03-24 09:45:00-04:00,21960.431451459903
2025-03-24 09:50:00-04:00,21957.554393543003
2025-03-24 09:55:00-04:00,21960.802780582715
2025-03-24 10:00:00-04:00,21951.28283677158
2025-03-24 10:05:00-04:00,21957.409012485008
2025-03-24 10:10:00-04:00,21957.21571694223
2025-03-24 10:15:00-04:00,21956.19930400175
2025-03-24 10:20:00-04:00,21959.068545217888
2025-03-24 10:25:00-04:00,21947.66365916732
2025-03-24 10:30:00-04:00,21944.57270467665
2025-03-24 10:35:00-04:00,21939.02216870984
2025-03-24 10:40:00-04:00,21927.066706086214
2025-03-24 10:45:00-04:00,21949.859100510836
2025-03-24 10:50:00-04:00,21952.15511086411
2025-03-24 10:55:00-04:00,21950.326275058334
2025-03-24 11:00:00-04:00,21947.746270532214
2025-03-24 11:05:00-04:00,21957.244584761425
2025-03-24 11:10:00-04:00,21955.437459966266
2025-03-24 11:15:00-04:00,21957.923876162306
2025-03-24 11:20:00-04:00,21959.956439882222
2025-03-24 11:25:00-04:00,21960.426498803077
2025-03-24 11:30:00-04:00,21959.129148254993
2025-03-24 11:35:00-04:00,21955.509369583564
2025-03-24 11:40:00-04:00,21964.980005052745
2025-03-24 11:45:00-04:00,21959.02978090589
2025-03-24 11:50:00-04:00,21969.954689469876
2025-03-24 11:55:00-04:00,21969.170658098345
2025-03-24 12:00:00-04:00,21968.7520159359
2025-03-24 12:05:00-04:00,21981.55846350729
2025-03-24 12:10:00-04:00,21976.952133185707
2025-03-24 12:15:00-04:00,21962.68349005414
2025-03-24 12:20:00-04:00,21972.997020006344
2025-03-24 12:25:00-04:00,21951.04896183917
2025-03-24 12:30:00-04:00,21952.263493108843
2025-03-24 12:35:00-04:00,21933.266067711724
2025-03-24 12:40:00-04:00,21939.870121128733
2025-03-24 12:45:00-04:00,21937.400813266548
2025-03-24 12:50:00-04:00,21935.762274891444
2025-03-24 12:55:00-04:00,21928.055451311076
2025-03-24 13:00:00-04:00,21912.38499706718
2025-03-24 13:05:00-04:00,21914.71934176442
2025-03-24 13:10:00-04:00,21908.817624852956
2025-03-24 13:15:00-04:00,21916.259365622
2025-03-24 13:20:00-04:00,21917.52070228424
2025-03-24 13:25:00-04:00,21927.072670802965
2025-03-24 13:30:00-04:00,21933.807159292523
2025-03-24 13:35:00-04:00,21934.90130999731
2025-03-24 13:40:00-04:00,21925.18126847346
2025-03-24 13:45:00-04:00,21929.089956300468
2025-03-24 13:50:00-04:00,21928.364562184914
2025-03-24 13:55:00-04:00,21928.465104270206
2025-03-24 14:00:00-04:00,21898.582407030273
2025-03-24 14:05:00-04:00,21908.442074969807
2025-03-24 14:10:00-04:00,21900.044769922857
2025-03-24 14:15:00-04:00,21896.029077314783
2025-03-24 14:20:00-04:00,21891.0647193321
2025-03-24 14:25:00-04:00,21888.795705830515
2025-03-24 14:30:00-04:00,21893.050907195382
2025-03-24 14:35:00-04:00,21919.398929098497
2025-03-24 14:40:00-04:00,21935.703994056403
2025-03-24 14:45:00-04:00,21935.413566069226
2025-03-24 14:50:00-04:00,21948.983602781613
2025-03-24 14:55:00-04:00,21949.528606304124
2025-03-24 15:00:00-04:00,21959.99716132311
2025-03-24 15:05:00-04:00,21960.557900072134
2025-03-24 15:10:00-04:00,21958.698532211125
2025-03-24 15:15:00-04:00,21966.94098231125
2025-03-24 15:20:00-04:00,21971.660657098626
2025-03-24 15:25:00-04:00,21965.770385520496
2025-03-24 15:30:00-04:00,21970.179471284067
2025-03-24 15:35:00-04:00,21973.466990610323
2025-03-24 15:40:00-04:00,21975.894121850324
2025-03-24 15:45:00-04:00,21996.33062506135
2025-03-24 15:50:00-04:00,22005.396796211506
2025-03-24 15:55:00-04:00,21974.228384899612
2025-03-25 09:30:00-04:00,22022.483845542258
2025-03-25 09:35:00-04:00,22003.530214274302
2025-03-25 09:40:00-04:00,21991.05612076833
2025-03-25 09:45:00-04:00,21981.919904497197
2025-03-25 09:50:00-04:00,21985.744385753118
2025-03-25 09:55:00-04:00,21969.4415700935
2025-03-25 10:00:00-04:00,21968.39907432888
2025-03-25 10:05:00-04:00,21972.143700656336
2025-03-25 10:10:00-04:00,21967.042467419833
2025-03-25 10:15:00-04:00,21971.094353800396
2025-03-25 10:20:00-04:00,21989.861727641233
2025-03-25 10:25:00-04:00,21995.034453726395
2025-03-25 10:30:00-04:00,22003.719605788403
2025-03-25 10:35:00-04:00,22009.181506744557
2025-03-25 10:40:00-04:00,22002.21341610132
2025-03-25 10:45:00-04:00,21999.65220672919
2025-03-25 10:50:00-04:00,22008.568503862232
2025-03-25 10:55:00-04:00,22013.48217651184
2025-03-25 11:00:00-04:00,22012.80250663455
2025-03-25 11:05:00-04:00,22016.938651064065
2025-03-25 11:10:00-04:00,22012.17993600939
2025-03-25 11:15:00-04:00,22000.663949118676
2025-03-25 11:20:00-04:00,22001.88709593811
2025-03-25 11:25:00-04:00,21997.208331787642
2025-03-25 11:30:00-04:00,21992.463417024977
2025-03-25 11:35:00-04:00,21988.84907274755
2025-03-25 11:40:00-04:00,21985.97166790091
2025-03-25 11:45:00-04:00,21962.43818910615
2025-03-25 11:50:00-04:00,21947.334152048807
2025-03-25 11:55:00-04:00,21942.454450249596
2025-03-25 12:00:00-04:00,21941.371734041193
2025-03-25 12:05:00-04:00,21942.198603930352
2025-03-25 12:10:00-04:00,21946.363741336332
2025-03-25 12:15:00-04:00,21931.96875970644
2025-03-25 12:20:00-04:00,21938.208996934605
2025-03-25 12:25:00-04:00,21932.279119046452
2025-03-25 12:30:00-04:00,21920.18884353757
2025-03-25 12:35:00-04:00,21919.578522142223
2025-03-25 12:40:00-04:00,21928.6400553627
2025-03-25 12:45:00-04:00,21929.637134851975
2025-03-25 12:50:00-04:00,21938.467176667156
2025-03-25 12:55:00-04:00,21939.251136329724
2025-03-25 13:00:00-04:00,21945.45871024432
2025-03-25 13:05:00-04:00,21949.31701894626
2025-03-25 13:10:00-04:00,21939.844113550007
2025-03-25 13:15:00-04:00,21924.19725107337
2025-03-25 13:20:00-04:00,21920.562438701934
2025-03-25 13:25:00-04:00,21926.793827975594
2025-03-25 13:30:00-04:00,21924.95541071662
2025-03-25 13:35:00-04:00,21921.294184277336
2025-03-25 13:40:00-04:00,21932.57187435969
2025-03-25 13:45:00-04:00,21916.913783582593
2025-03-25 13:50:00-04:00,21917.179040922783
2025-03-25 13:55:00-04:00,21907.713233965387
2025-03-25 14:00:00-04:00,21905.67334864956
2025-03-25 14:05:00-04:00,21902.077734335857
2025-03-25 14:10:00-04:00,21911.08475412707
2025-03-25 14:15:00-04:00,21908.917090704937
2025-03-25 14:20:00-04:00,21909.777919380205
2025-03-25 14:25:00-04:00,21898.326677149318
2025-03-25 14:30:00-04:00,21907.058434418876
2025-03-25 14:35:00-04:00,21899.099417709633
2025-03-25 14:40:00-04:00,21892.57532450186
2025-03-25 14:45:00-04:00,21887.56347287713
2025-03-25 14:50:00-04:00,21889.760663672136
2025-03-25 14:55:00-04:00,21880.442569704723
2025-03-25 15:00:00-04:00,21895.062407354133
2025-03-25 15:05:00-04:00,21904.23767098943
2025-03-25 15:10:00-04:00,21895.336517042473
2025-03-25 15:15:00-04:00,21902.934585432726
2025-03-25 15:20:00-04:00,21904.524406116852
2025-03-25 15:25:00-04:00,21897.748371222962
2025-03-25 15:30:00-04:00,21908.79411553338
2025-03-25 15:35:00-04:00,21900.618638746044
2025-03-25 15:40:00-04:00,21919.063045775198
2025-03-25 15:45:00-04:00,21941.743185715877
2025-03-25 15:50:00-04:00,21944.534850746433
2025-03-25 15:55:00-04:00,21944.874691107987
2025-03-26 09:30:00-04:00,21993.32190584717
2025-03-26 09:35:00-04:00,22037.441022749288
2025-03-26 09:40:00-04:00,22053.522145038907
2025-03-26 09:45:00-04:00,22045.890802254373
2025-03-26 09:50:00-04:00,22037.261666072845
2025-03-26 09:55:00-04:00,22033.97938951822
2025-03-26 10:00:00-04:00,22038.615916506093
2025-03-26 10:05:00-04:00,22034.97098730793
2025-03-26 10:10:00-04:00,22057.30810800948
2025-03-26 10:15:00-04:00,22047.434654227312
2025-03-26 10:20:00-04:00,22032.654825514997
2025-03-26 10:25:00-04:00,22033.002136269348
2025-03-26 10:30:00-04:00,22039.806082519674
2025-03-26 10:35:00-04:00,22051.152624363218
2025-03-26 10:40:00-04:00,22061.256566918408
2025-03-26 10:45:00-04:00,22044.112338374143
2025-03-26 10:50:00-04:00,22053.147262517807
2025-03-26 10:55:00-04:00,22047.272587580803
2025-03-26 11:00:00-04:00,22059.231257265208
2025-03-26 11:05:00-04:00,22054.696273029276
2025-03-26 11:10:00-04:00,22043.828130099253
2025-03-26 11:15:00-04:00,22024.275437151762
2025-03-26 11:20:00-04:00,22014.231588931805
2025-03-26 11:25:00-04:00,21984.212797304746
2025-03-26 11:30:00-04:00,21986.742637502517
2025-03-26 11:35:00-04:00,22000.304232575785
2025-03-26 11:40:00-04:00,21988.837700376713
2025-03-26 11:45:00-04:00,21980.931352516927
2025-03-26 11:50:00-04:00,21970.730632343304
2025-03-26 11:55:00-04:00,21955.598703886517
2025-03-26 12:00:00-04:00,21948.47908925504
2025-03-26 12:05:00-04:00,21946.39894495988
2025-03-26 12:10:00-04:00,21952.771843219507
2025-03-26 12:15:00-04:00,21950.757665985235
2025-03-26 12:20:00-04:00,21949.196038214697
2025-03-26 12:25:00-04:00,21967.77964562661
2025-03-26 12:30:00-04:00,21955.907585078403
2025-03-26 12:35:00-04:00,21953.07152782838
2025-03-26 12:40:00-04:00,21948.041599087173
2025-03-26 12:45:00-04:00,21965.104853107994
2025-03-26 12:50:00-04:00,21941.819903769003
2025-03-26 12:55:00-04:00,21930.228128793307
2025-03-26 13:00:00-04:00,21934.53850763895
2025-03-26 13:05:00-04:00,21942.4422371928
2025-03-26 13:10:00-04:00,21943.1277350184
2025-03-26 13:15:00-04:00,21916.19586224015
2025-03-26 13:20:00-04:00,21915.687491188404
2025-03-26 13:25:00-04:00,21906.796137651116
2025-03-26 13:30:00-04:00,21890.359806935667
2025-03-26 13:35:00-04:00,21897.372792325714
2025-03-26 13:40:00-04:00,21905.119879553997
2025-03-26 13:45:00-04:00,21898.979908702357
2025-03-26 13:50:00-04:00,21899.14727340769
2025-03-26 13:55:00-04:00,21895.428434472567
2025-03-26 14:00:00-04:00,21913.83890798443
2025-03-26 14:05:00-04:00,21922.08896804533
2025-03-26 14:10:00-04:00,21929.249567682094
2025-03-26 14:15:00-04:00,21925.63644707885
2025-03-26 14:20:00-04:00,21931.956641497018
2025-03-26 14:25:00-04:00,21932.40578165902
2025-03-26 14:30:00-04:00,21920.222862050086
2025-03-26 14:35:00-04:00,21921.034398843407
2025-03-26 14:40:00-04:00,21907.739329297223
2025-03-26 14:45:00-04:00,21884.55224368713
2025-03-26 14:50:00-04:00,21884.28793425332
2025-03-26 14:55:00-04:00,21878.787459812498
2025-03-26 15:00:00-04:00,21873.981249339933
2025-03-26 15:05:00-04:00,21868.755728089483
2025-03-26 15:10:00-04:00,21875.354358174143
2025-03-26 15:15:00-04:00,21892.49199369131
2025-03-26 15:20:00-04:00,21889.206228424082
2025-03-26 15:25:00-04:00,21887.467966298223
2025-03-26 15:30:00-04:00,21897.906644822597
2025-03-26 15:35:00-04:00,21888.89734071966
2025-03-26 15:40:00-04:00,21906.727732299227
2025-03-26 15:45:00-04:00,21923.125536086343
2025-03-26 15:50:00-04:00,21941.252471698543
2025-03-26 15:55:00-04:00,21924.048293953558
2025-03-27 09:30:00-04:00,21878.43430067597
2025-03-27 09:35:00-04:00,21876.653483098595
2025-03-27 09:40:00-04:00,21848.543486202663
2025-03-27 09:45:00-04:00,21885.862158555054
2025-03-27 09:50:00-04:00,21927.90119350264
2025-03-27 09:55:00-04:00,21947.64489622423
2025-03-27 10:00:00-04:00,21954.623512000773
2025-03-27 10:05:00-04:00,21960.138252575234
2025-03-27 10:10:00-04:00,21966.001211146035
2025-03-27 10:15:00-04:00,21984.55767214144
2025-03-27 10:20:00-04:00,21977.13474394277
2025-03-27 10:25:00-04:00,21982.873457067635
2025-03-27 10:30:00-04:00,21977.98656832722
2025-03-27 10:35:00-04:00,21987.963220427126
2025-03-27 10:40:00-04:00,21992.438010170932
2025-03-27 10:45:00-04:00,21969.218061999603
2025-03-27 10:50:00-04:00,21973.14882951589
2025-03-27 10:55:00-04:00,21980.871415727925
2025-03-27 11:00:00-04:00,21978.70140655447
2025-03-27 11:05:00-04:00,21963.90948003226
2025-03-27 11:10:00-04:00,21994.002455727874
2025-03-27 11:15:00-04:00,21995.985875408795
2025-03-27 11:20:00-04:00,21977.523277249355
2025-03-27 11:25:00-04:00,21961.15611861989
2025-03-27 11:30:00-04:00,21941.6959730149
2025-03-27 11:35:00-04:00,21931.12888606483
2025-03-27 11:40:00-04:00,21926.688966002548
2025-03-27 11:45:00-04:00,21917.418032477435
2025-03-27 11:50:00-04:00,21921.767515843814
2025-03-27 11:55:00-04:00,21919.370024589494
2025-03-27 12:00:00-04:00,21933.488364941863
2025-03-27 12:05:00-04:00,21955.96104849498
2025-03-27 12:10:00-04:00,21937.209584317072
2025-03-27 12:15:00-04:00,21950.550528105323
2025-03-27 12:20:00-04:00,21951.788063526525
2025-03-27 12:25:00-04:00,21941.21335788515
2025-03-27 12:30:00-04:00,21940.339992550595
2025-03-27 12:35:00-04:00,21932.312679876257
2025-03-27 12:40:00-04:00,21931.134840775652
2025-03-27 12:45:00-04:00,21901.477285910365
2025-03-27 12:50:00-04:00,21893.821014871817
2025-03-27 12:55:00-04:00,21875.92317364184
2025-03-27 13:00:00-04:00,21886.186563893356
2025-03-27 13:05:00-04:00,21899.35431454776
2025-03-27 13:10:00-04:00,21919.025593203147
2025-03-27 13:15:00-04:00,21911.44525813072
2025-03-27 13:20:00-04:00,21913.20922093861
2025-03-27 13:25:00-04:00,21888.889056714495
2025-03-27 13:30:00-04:00,21895.896892486548
2025-03-27 13:35:00-04:00,21888.88670331181
2025-03-27 13:40:00-04:00,21875.39169846049
2025-03-27 13:45:00-04:00,21892.18391955736
2025-03-27 13:50:00-04:00,21868.102427680788
2025-03-27 13:55:00-04:00,21873.58148185474
2025-03-27 14:00:00-04:00,21895.39475965534
2025-03-27 14:05:00-04:00,21912.96358500176
2025-03-27 14:10:00-04:00,21939.866828671125
2025-03-27 14:15:00-04:00,21930.872912338065
2025-03-27 14:20:00-04:00,21922.327619477488
2025-03-27 14:25:00-04:00,21917.794095494883
2025-03-27 14:30:00-04:00,21923.333935902283
2025-03-27 14:35:00-04:00,21933.149146006333
2025-03-27 14:40:00-04:00,21931.26679085091
2025-03-27 14:45:00-04:00,21939.18406561756
2025-03-27 14:50:00-04:00,21938.6020767383
2025-03-27 14:55:00-04:00,21895.6810002173
2025-03-27 15:00:00-04:00,21917.473603004717
2025-03-27 15:05:00-04:00,21926.056297911124
2025-03-27 15:10:00-04:00,21944.132637137034
2025-03-27 15:15:00-04:00,21959.1979491328
2025-03-27 15:20:00-04:00,21974.69127810289
2025-03-27 15:25:00-04:00,21974.892798692115
2025-03-27 15:30:00-04:00,21959.360474883564
2025-03-27 15:35:00-04:00,21936.597141757564
2025-03-27 15:40:00-04:00,21944.60534909506
2025-03-27 15:45:00-04:00,21954.2990602923
2025-03-27 15:50:00-04:00,21931.04714996628
2025-03-27 15:55:00-04:00,21892.928582596607
2025-03-28 09:30:00-04:00,21836.788925293087
2025-03-28 09:35:00-04:00,21867.375266576462
2025-03-28 09:40:00-04:00,21807.91765398256
2025-03-28 09:45:00-04:00,21801.040403766165
2025-03-28 09:50:00-04:00,21795.814993255342
2025-03-28 09:55:00-04:00,21771.5246741601
2025-03-28 10:00:00-04:00,21768.555882252873
2025-03-28 10:05:00-04:00,21741.16672893749
2025-03-28 10:10:00-04:00,21723.789385837434
2025-03-28 10:15:00-04:00,21709.01435152626
2025-03-28 10:20:00-04:00,21704.011176059008
2025-03-28 10:25:00-04:00,21689.291174145117
2025-03-28 10:30:00-04:00,21669.656669587224
2025-03-28 10:35:00-04:00,21670.67763636904
2025-03-28 10:40:00-04:00,21671.92387486683
2025-03-28 10:45:00-04:00,21646.167052910227
2025-03-28 10:50:00-04:00,21664.590927334117
2025-03-28 10:55:00-04:00,21649.849314885796
2025-03-28 11:00:00-04:00,21633.41365668125
2025-03-28 11:05:00-04:00,21643.64368088173
2025-03-28 11:10:00-04:00,21665.24913614946
2025-03-28 11:15:00-04:00,21652.282803224356
2025-03-28 11:20:00-04:00,21653.184884248163
2025-03-28 11:25:00-04:00,21668.713580319076
2025-03-28 11:30:00-04:00,21680.384318081567
2025-03-28 11:35:00-04:00,21693.456508676667
2025-03-28 11:40:00-04:00,21666.208517148418
2025-03-28 11:45:00-04:00,21669.352154232984
2025-03-28 11:50:00-04:00,21651.58913105786
2025-03-28 11:55:00-04:00,21645.45731369084
2025-03-28 12:00:00-04:00,21655.572813794937
2025-03-28 12:05:00-04:00,21650.60402716311
2025-03-28 12:10:00-04:00,21641.810974021184
2025-03-28 12:15:00-04:00,21610.970285153708
2025-03-28 12:20:00-04:00,21606.300751680934
2025-03-28 12:25:00-04:00,21595.68514325244
2025-03-28 12:30:00-04:00,21598.674503010156
2025-03-28 12:35:00-04:00,21600.0053715151
2025-03-28 12:40:00-04:00,21592.560946256188
2025-03-28 12:45:00-04:00,21607.611482588145
2025-03-28 12:50:00-04:00,21609.364481402998
2025-03-28 12:55:00-04:00,21584.07836128576
2025-03-28 13:00:00-04:00,21567.09981736603
2025-03-28 13:05:00-04:00,21556.66719428506
2025-03-28 13:10:00-04:00,21557.55566534194
2025-03-28 13:15:00-04:00,21567.371445864323
2025-03-28 13:20:00-04:00,21557.83084519244
2025-03-28 13:25:00-04:00,21547.40416149204
2025-03-28 13:30:00-04:00,21552.591203307176
2025-03-28 13:35:00-04:00,21557.48259383797
2025-03-28 13:40:00-04:00,21556.28369170031
2025-03-28 13:45:00-04:00,21556.12328399084
2025-03-28 13:50:00-04:00,21551.97713838496
2025-03-28 13:55:00-04:00,21577.45871316295
2025-03-28 14:00:00-04:00,21573.242486234765
2025-03-28 14:05:00-04:00,21575.284262794063
2025-03-28 14:10:00-04:00,21561.12676784075
2025-03-28 14:15:00-04:00,21567.788951160204
2025-03-28 14:20:00-04:00,21548.143579641153
2025-03-28 14:25:00-04:00,21549.645286803297
2025-03-28 14:30:00-04:00,21559.39676606873
2025-03-28 14:35:00-04:00,21539.531634930143
2025-03-28 14:40:00-04:00,21537.279081445406
2025-03-28 14:45:00-04:00,21536.002937996418
2025-03-28 14:50:00-04:00,21548.397220957526
2025-03-28 14:55:00-04:00,21561.506639882857
2025-03-28 15:00:00-04:00,21562.455332679998
2025-03-28 15:05:00-04:00,21575.379756838007
2025-03-28 15:10:00-04:00,21572.101020424096
2025-03-28 15:15:00-04:00,21571.071978733245
2025-03-28 15:20:00-04:00,21564.591461482196
2025-03-28 15:25:00-04:00,21556.70621405241
2025-03-28 15:30:00-04:00,21543.196134272162
2025-03-28 15:35:00-04:00,21551.058509445527
2025-03-28 15:40:00-04:00,21550.743900286736
2025-03-28 15:45:00-04:00,21577.640663791
2025-03-28 15:50:00-04:00,21579.752919787392
2025-03-28 15:55:00-04:00,22552.586005944326
